Compte,lev,Type
renovate,33.0,Bot
leocwlam,100.0,Bot
snyk-bot,41.0,Bot
dependabot-preview,66.0,Bot
haikuoliu,70.0,Bot
jayudey-wf,74.5,Bot
CFPBot,71.0,Bot
ININ-TransifexAutomation,66.0,Bot
Szetty,37.0,Bot
holinnn,100.0,Bot
pyup-bot,21.0,Bot
dependencies,94.0,Bot
svc-excavator-bot,92.0,Bot
caicloud-bot,97.0,Bot
ForbesLindesay-Bot,99.0,Bot
nfbot,86.0,Bot
octokitbot,100.0,Bot
omnisharp-bot,93.0,Bot
doppins-bot,88.0,Bot
dep-bot,87.0,Bot
gocardless-robot-restricted,100.0,Bot
oclif-bot,100.0,Bot
kissaten-bot,96.0,Bot
jekyllbot,91.0,Bot
renovate-bot,36.0,Bot
shaka-bot,90.5,Bot
symfony-skeleton-bot,74.0,Bot
monty-bot,91.0,Bot
OdysseusBot,100.0,Bot
TPRobots,100.0,Bot
edx-requirements-bot,81.0,Bot
owo-bot,84.0,Bot
prombot,100.0,Bot
5iMON-bot,45.0,Bot
Rozebot,100.0,Bot
spinnakerbot,66.0,Bot
voidraybot,93.0,Bot
openshift-cherrypick-robot,85.0,Bot
pouchrobot,100.0,Bot
AgoricBot,100.0,Bot
NuKeeperBot,77.0,Bot
coorpacademybot,18.0,Bot
Staffbot,31.5,Bot
sisu-bot,100.0,Bot
dependabot,63.0,Bot
eclipse-jaxb-impl-bot,88.0,Bot
kubermatic-bot,66.0,Bot
mainio-integration-bot,100.0,Bot
zaripych-bot,100.0,Bot
algoliareadmebot,100.0,Bot
dpebot,100.0,Bot
pantheon-ci-bot,6.0,Bot
omex-github-bot-internal,54.0,Bot
sre-bot,23.0,Bot
alluxio-bot,55.0,Bot
che-bot,100.0,Bot
submariner-bot,78.0,Bot
openshift-azure-robot,98.0,Bot
tedium-bot,100.0,Bot
jenkins-x-bot,91.0,Bot
metamaskbot,27.0,Bot
ibmdotcom-bot,81.0,Bot
Favware-bot,100.0,Bot
dotnet-maestro-bot,97.0,Bot
dhis2-bot,100.0,Bot
edx-transifex-bot,100.0,Bot
ng-zorro-bot,55.0,Bot
mender-test-bot,94.0,Bot
yarpcbot,100.0,Bot
ucloud-bot,15.0,Bot
INGIbot,100.0,Bot
skydive-bot,100.0,Bot
dictybasebot,100.0,Bot
asanabot,100.0,Bot
babel-bot,74.0,Bot
Codegnosis,100.0,Bot
thecodeholic,100.0,Bot
mesosphere-frontend-ci,68.5,Bot
chainer-ci,82.0,Bot
build-travis-ci,62.0,Bot
shiftjs-circleci,100.0,Bot
jdroid-ci,69.0,Bot
livingdocs-automation,97.0,Bot
yoshi-automation,38.0,Bot
opa-updater-automation,100.0,Bot
AutorestCI,97.0,Bot
scrutinizer-auto-fixer,100.0,Bot
openapi-sdkautomation,92.0,Bot
aws-cdk-automation,29.0,Bot
bors-libra,42.0,Bot
octokit-fixture-user-a,100.0,Bot
PRB0t,91.0,Bot
mayerm94,85.5,Bot
nmattia-autoupdate,100.0,Bot
brotherlogic,100.0,Human
miki725,31.0,Human
mikedidomizio,100.0,Human
shiatsumat,35.0,Human
wti806,14.0,Human
FrankD412,31.0,Human
ramya-rao-a,33.0,Human
yu199195,96.0,Human
cjermain,36.0,Human
ericchiang,2.0,Human
facundovictor,32.0,Human
SamHames,27.0,Human
edsu,18.0,Human
tkishel,33.0,Human
DavidS,8.0,Human
normj,45.0,Human
maxwellgerber,20.0,Human
tschaub,32.0,Human
siddontang,13.0,Human
amyadzuki,24.0,Human
y-takey,24.0,Human
corinnekrych,32.5,Human
raipc,100.0,Human
cbrevik,22.0,Human
yurishkuro,9.0,Human
callum-oakley,27.0,Human
JesperLekland,21.5,Human
GSadee,63.5,Human
s0md3v,100.0,Human
cjelger,14.0,Human
ralphbean,8.0,Human
chshersh,11.0,Human
slok,29.0,Human
yesmeck,50.0,Human
nitzanj,100.0,Human
erikandre,100.0,Human
duncdrum,25.0,Human
nihalgonsalves,26.0,Human
captn3m0,1.0,Human
rsmekala,7.5,Human
bricesanchez,12.0,Human
chuanshuoye,15.0,Human
SamVerschueren,26.0,Human
peterbroadhurst,19.0,Human
jonathanswong,100.0,Human
rhelmot,7.0,Human
redgeoff,100.0,Human
justinlittman,23.0,Human
jsemler,43.0,Human
smithad15,11.0,Human
jancajthaml,100.0,Human
objective-audio,100.0,Human
xh3b4sd,21.0,Human
joelrebel,19.0,Human
yangjianzhou,99.5,Human
jeffgbutler,9.0,Human
Kiikurage,2.0,Human
GaoJiasheng,100.0,Human
Zales0123,11.0,Human
HazAT,5.0,Human
swissspidy,23.0,Human
salgum1114,10.0,Human
kkoumantaros,65.5,Human
wnxn,3.0,Human
gbastien,33.0,Human
sbinet,75.0,Human
agelostsal,7.0,Human
DvdMgr,38.0,Human
springmeyer,25.0,Human
qjouda,100.0,Human
jaumard,4.0,Human
mnocon,29.0,Human
ciscoheat,28.0,Human
rasmuserik,6.0,Human
ElRaptorus,35.0,Human
mosquito,100.0,Human
aokumasan,29.0,Human
snoyberg,21.0,Human
auvipy,100.0,Human
decadence,35.0,Human
NickNeck,44.0,Human
cmswalker,24.0,Human
alvarotrigo,28.0,Human
galvesribeiro,100.0,Human
syndbg,100.0,Human
iwasaki-kenta,29.0,Human
hSaria,100.0,Human
scottbedard,23.0,Human
LukeTowers,37.5,Human
jaredallard,31.0,Human
wonderflow,80.0,Human
csoltenborn,1.0,Human
s-nakajima,100.0,Human
rminnich,36.0,Human
gsmet,31.0,Human
jmrodri,19.0,Human
markya0616,100.0,Human
fredwangwang,20.0,Human
ClaraBuettner,8.0,Human
doug-martin,23.0,Human
askurydzin,27.0,Human
ai,40.0,Human
w0rm,48.0,Human
alshakero,12.0,Human
daviscabral,26.0,Human
aksonov,23.0,Human
kud,100.0,Human
silasdavis,21.0,Human
tophsic,26.0,Human
sfriedel,33.5,Human
chris-ramon,30.0,Human
bootstraponline,29.0,Human
visualfc,11.0,Human
cordoval,99.5,Human
stephpy,16.0,Human
mhchia,39.0,Human
dingo-d,26.0,Human
TriangleJuice,19.0,Human
alimanfoo,23.0,Human
Namiii,29.0,Human
nuxzero,15.0,Human
soffchen,19.0,Human
BryanApellanes,100.0,Human
drewsonne,37.0,Human
gregberge,3.0,Human
sixer1182,41.0,Human
kortschak,33.0,Human
oberbichler,100.0,Human
gfinak,26.0,Human
andrewimm,27.5,Human
jdolitsky,21.0,Human
mykola-mokhnach,27.0,Human
scottcorgan,16.0,Human
sawanoboly,0.0,Human
Rikkola,22.0,Human
jongmoon,33.0,Human
jcraigk,26.0,Human
Arkounay,100.0,Human
integrii,25.0,Human
shockey,4.0,Human
jaqx0r,100.0,Human
bartoszpietrzak1994,27.0,Human
sequoiaat,10.0,Human
kinggoesgaming,42.0,Human
antleblanc,34.0,Human
jrobeson,43.0,Human
lucaslorentz,17.0,Human
ruimarinho,100.0,Human
Martin0809,100.0,Human
tomkerkhove,25.0,Human
cycjimmy,11.0,Human
vlttnv,100.0,Human
Gbuomprisco,100.0,Human
ueokande,17.5,Human
ondrej-fabry,10.0,Human
DjebbZ,21.0,Human
MortalFlesh,100.0,Human
maciejtreder,100.0,Human
dcousens,16.0,Human
ekohl,25.0,Human
marjan-georgiev,75.0,Human
tartley,33.5,Human
junderw,23.0,Human
nicolaasuni,30.0,Human
ankurs,100.0,Human
SML-MeSo,18.0,Human
plazma-prizma,100.0,Human
smoke,100.0,Human
taku910,100.0,Human
euvl,0.5,Human
serpentcs-dev1,36.0,Human
dbaeumer,100.0,Human
deepakkumar1984,100.0,Human
PuercoPop,29.0,Human
davazp,20.0,Human
kevinmehall,23.0,Human
Tasteful,21.0,Human
anntzer,32.0,Human
icy,12.0,Human
skyesx,0.0,Human
dreampiggy,27.0,Human
gavinorland,22.0,Human
bailantaotao,100.0,Human
fooontic,25.0,Human
cuining,100.0,Human
ajayns,26.0,Human
PabloGarcimartin,27.0,Human
dborsatto,100.0,Human
ltparis2018,1.0,Human
JimGreenberg,33.0,Human
MindFlavor,4.0,Human
sohamkamani,22.5,Human
italolelis,53.5,Human
bgrainger,10.0,Human
tarampampam,28.0,Human
allencloud,41.0,Human
genomics-geek,66.0,Human
ymmt2005,13.0,Human
vmarkovtsev,12.0,Human
dhollinger,2.5,Human
amay077,11.0,Human
schweitzdesign,12.0,Human
tomreid76,13.0,Human
AnthonyBloomer,100.0,Human
samussiah,25.0,Human
eed3si9n,5.0,Human
mikem8361,17.0,Human
garethahealy,16.0,Human
kazuki43zoo,22.0,Human
ebussieres,33.0,Human
jcfr,30.0,Human
mwbutcher,37.0,Human
zreichert,30.0,Human
msaps,4.0,Human
shrektan,27.0,Human
aelanman,23.0,Human
MatthewDolan,100.0,Human
sqweelygig,65.0,Human
savage-engineer,30.0,Human
tobilg,100.0,Human
PTaylour,18.0,Human
tyrchen,100.0,Human
matthewhanson,10.0,Human
sserrata,1.0,Human
gerhardsletten,62.5,Human
AVVS,7.0,Human
greenkeeper,47.0,Human
sparhami,24.0,Human
ponychicken,33.0,Human
jonobr1,20.0,Human
jessfraz,24.0,Human
maartenbreddels,100.0,Human
MichaelAquilina,17.0,Human
timfallmk,24.0,Human
KaitCrawford,26.0,Human
daschult,12.5,Human
RikkiGibson,12.5,Human
rdmurphy,36.0,Human
andersondalmina,19.0,Human
juliabpp,25.0,Human
tylertreat,4.0,Human
stereobooster,7.0,Human
jdeeburke,38.5,Human
mikaoj,100.0,Human
hamzahamidi,100.0,Human
davesque,49.0,Human
francisco-maciel,25.5,Human
edgurgel,50.0,Human
dmacthedestroyer,22.0,Human
dylans,100.0,Human
MattHodge,33.0,Human
pmarks,35.0,Human
johngian,100.0,Human
dipinhora,24.0,Human
spartan218,34.0,Human
ppolewicz,100.0,Human
bwbeach,6.0,Human
tim-speed,29.0,Human
beyerleinf,80.0,Human
wessmith,30.0,Human
dkent600,27.0,Human
gerkovink,29.0,Human
stefvanbuuren,100.0,Human
derkan,27.0,Human
dgoodwin,30.5,Human
csrwng,32.0,Human
martindurant,12.0,Human
matthewdfuller,9.0,Human
fredliporace,61.0,Human
fliptaboada,100.0,Human
mh-park,23.0,Human
darrachequesne,23.0,Human
boz,5.0,Human
bradvogel,3.0,Human
gustavosbarreto,19.0,Human
cpu,34.0,Human
brendan-ward,38.0,Human
akrabat,41.0,Human
t-kelly,30.0,Human
jonathanmoore,68.0,Human
scotttrinh,38.0,Human
dylanpyle,34.5,Human
varahash,3.0,Human
nikhilym,85.0,Human
suzuki-shunsuke,100.0,Human
taion,100.0,Human
tdewolff,6.5,Human
liabru,35.0,Human
Roasbeef,30.0,Human
Shouqun,100.0,Human
oleavr,100.0,Human
smikula,17.0,Human
hadjipantelis,26.0,Human
topepo,4.0,Human
slr71,19.0,Human
dgassaway,26.0,Human
bertjwregeer,20.0,Human
prescottprue,43.0,Human
hnovikov,24.0,Human
Christina-Kang,85.0,Human
samedder,11.0,Human
akshayjshah,28.0,Human
buschtoens,30.0,Human
dfreeman,24.0,Human
papandreou,64.5,Human
sumitkdey,100.0,Human
texastoland,59.5,Human
JamesHenry,6.0,Human
jpcarzolio,23.5,Human
tnrich,100.0,Human
krystophv,32.0,Human
waigani,25.0,Human
emersonwood,100.0,Human
colin-marshall,24.0,Human
jayair,100.0,Human
fetrarij,2.5,Human
tiggerntatie,100.0,Human
nazrhom,95.0,Human
fzerorubigd,100.0,Human
SirePi,28.0,Human
ilexp,27.5,Human
jamienoss,90.0,Human
pllim,20.0,Human
JoshKarpel,23.0,Human
comtihon,24.0,Human
GermanBluefox,25.0,Human
Tanner-MS,64.5,Human
wcjordan,72.0,Human
wernerglinka,100.0,Human
feltech,40.0,Human
ZNick1982,24.0,Human
frankus,31.0,Human
Scrum,100.0,Human
joelmartinez,3.0,Human
nelio2k,15.0,Human
heynext,3.0,Human
norkans7,100.0,Human
sharafian,29.0,Human
jmmv,32.0,Human
diogonicoleti,33.0,Human
Mogball,100.0,Human
kytrinyx,33.0,Human
pstehlik,69.0,Human
manofstick,32.0,Human
iamcal,8.0,Human
ARolek,4.0,Human
mrmrs,35.0,Human
heyzooi,100.0,Human
Widdershin,32.5,Human
staltz,30.0,Human
kashike,50.0,Human
sameb,20.0,Human
jamiealquiza,3.0,Human
grofit,67.5,Human
OndraM,100.0,Human
jridgewell,24.0,Human
jkasten2,29.0,Human
djhouseknecht,100.0,Human
gliptak,24.0,Human
WSmonkey,100.0,Human
jessepeterson,6.0,Human
istarkov,18.0,Human
ludwigschubert,23.0,Human
Ntonio36,9.0,Human
maxbrunsfeld,23.0,Human
Nightsd01,36.0,Human
anishkny,100.0,Human
vitorbal,25.0,Human
asyncanup,10.0,Human
jpeach,40.0,Human
zalmoxisus,39.0,Human
rnojiri,42.0,Human
ajoymajumdar,27.0,Human
michelvocks,9.0,Human
Skarlso,2.0,Human
abhinav,18.0,Human
johnstill,27.0,Human
zachferland,1.0,Human
ryan-rs,36.0,Human
kerrykimbrough,33.0,Human
annstriganova,100.0,Human
sseide,26.0,Human
mitsuhiko,10.0,Human
rmfitzpatrick,45.0,Human
Nihlus,36.0,Human
luchotc,14.5,Human
rodri042,21.0,Human
flbulgarelli,13.5,Human
hanabi1224,100.0,Human
vkcn,21.0,Human
snakefoot,15.0,Human
JDetmar,100.0,Human
wilzbach,25.0,Human
Hackerpilot,100.0,Human
FireController1847,27.0,Human
fent,14.5,Human
wieslawsoltes,21.5,Human
cugini-dbx,100.0,Human
schlessera,20.0,Human
dabernathy89,100.0,Human
jasonyin,16.0,Human
lukasz-pyrzyk,100.0,Human
peburrows,32.0,Human
mattsb42-aws,38.0,Human
ef4,10.0,Human
bcomnes,26.0,Human
futuregerald,28.0,Human
calavera,56.0,Human
editicalu,100.0,Human
mhammond,7.0,Human
jaffee,22.0,Human
chessai,100.0,Human
andrewthad,100.0,Human
alexgrozav,52.0,Human
MabezDev,100.0,Human
mauricius,100.0,Human
Shesekino,100.0,Human
rossta,6.0,Human
farskipper,18.0,Human
csvenke,100.0,Human
nkubala,3.0,Human
grant-d,13.0,Human
jcdickinson,15.0,Human
lpinca,29.0,Human
3rd-Eden,69.5,Human
kvesteri,100.0,Human
johnduarte,45.5,Human
rdvelazquez,23.0,Human
MonkeyDZeke,28.5,Human
dboskovic,37.0,Human
pokoli,54.0,Human
pedrobaeza,78.5,Human
kataras,100.0,Human
lucasvo,100.0,Human
justmoon,18.0,Human
CodyReichert,32.0,Human
shomron,33.0,Human
hdevalence,23.0,Human
jimmynotjim,49.0,Human
williamjamir,100.0,Human
max3903,6.0,Human
murtuzasaleh,25.5,Human
gmyenni,100.0,Human
gmcdev,100.0,Human
felixfiskare,13.0,Human
LJaraCastillo,38.0,Human
wjgilmore,100.0,Human
kaczmarj,13.0,Human
ezesplit,13.5,Human
patricioe,100.0,Human
estambakio-sc,7.0,Human
dustinmm80,25.0,Human
sgnn7,27.5,Human
fearthecowboy,100.0,Human
tsloughter,19.0,Human
andmos,100.0,Human
arvenil,2.0,Human
SolomoN-ua,22.0,Human
kkemple,12.0,Human
dchabot,31.0,Human
newville,31.0,Human
hhslepicka,12.0,Human
Rich-Harris,16.0,Human
jpic,100.0,Human
wbhob,85.0,Human
FezVrasta,9.0,Human
bdunne,12.0,Human
xz64,70.0,Human
yoheimuta,100.0,Human
tcollignon,57.5,Human
timperrett,100.0,Human
kawych,100.0,Human
cwtuan,100.0,Human
pepyakin,2.0,Human
sschmidTU,31.0,Human
0xfe,34.0,Human
afc163,44.0,Human
jonahgraham,15.0,Human
eikenb,31.0,Human
RobinBuschmann,100.0,Human
nicknisi,36.0,Human
wkeese,33.0,Human
brianegan,56.0,Human
ababic,25.5,Human
MarekKojder,25.0,Human
alexlamsl,19.5,Human
Link512,42.0,Human
kood1,27.5,Human
Ghnuberath,17.0,Human
fm-tibco,14.5,Human
palypster,100.0,Human
cblomart,17.0,Human
martinRenou,11.5,Human
kristfal,30.0,Human
rejas,16.0,Human
faizanahmad055,17.0,Human
chuckdumont,100.0,Human
g105b,100.0,Human
sammynx,8.0,Human
jalvz,7.0,Human
tsurdilo,11.0,Human
gruberrolandvaltech,100.0,Human
Naktibalda,18.0,Human
MaikuB,34.0,Human
dasiths,100.0,Human
saniales,15.0,Human
bitbager,100.0,Human
zBritva,100.0,Human
nical,28.0,Human
akurilov,100.0,Human
vanniktech,100.0,Human
marc92w,29.0,Human
GreLI,68.5,Human
dkukharau,1.0,Human
bjodah,100.0,Human
eternoendless,28.0,Human
Valodya,9.0,Human
rashmigs1993,100.0,Human
doroginin,15.5,Human
osherdp,28.0,Human
krasoffski,31.0,Human
shekhardahore,100.0,Human
thrawn01,19.0,Human
andresgnlez,31.0,Human
phaazon,100.0,Human
daniel-nichter,10.5,Human
acouch,23.0,Human
nathanbowser,10.0,Human
mattsgarlata,36.0,Human
missinglink,31.0,Human
vmx,33.5,Human
achingbrain,18.0,Human
bakoe,9.0,Human
davegurnell,28.0,Human
pvillega,38.5,Human
eduardoboucas,7.0,Human
unlucio,100.0,Human
AaronHForgeFlow,29.0,Human
bsnacks000,36.0,Human
midnight-wonderer,34.5,Human
bojeil-google,12.0,Human
ngoldbaum,28.0,Human
vperron,16.0,Human
johnwmillr,34.0,Human
javagl,1.0,Human
Robdel12,28.0,Human
andrew-boyarshin,33.0,Human
mungojam,22.0,Human
hvanbakel,23.0,Human
jdef,8.0,Human
johannwagner,17.0,Human
felixrindt,68.0,Human
ssm,19.0,Human
ralphtheninja,28.0,Human
ianstormtaylor,2.0,Human
0xjac,23.5,Human
gutschilla,36.0,Human
okartau,37.0,Human
erikbarke,100.0,Human
Tanc009,100.0,Human
stof,21.0,Human
lyrixx,12.0,Human
taflanidi,100.0,Human
gastonprieto,100.0,Human
artem-fedorov,100.0,Human
shi-yuan,100.0,Human
lekkas,29.0,Human
ChadKillingsworth,32.0,Human
Battenburg,27.0,Human
djmitche,20.5,Human
petemoore,33.0,Human
rynam0,35.5,Human
balintk,37.0,Human
odrotbohm,15.0,Human
CrossR,36.0,Human
metaodi,74.0,Human
iloveitaly,33.0,Human
jzaleski,38.0,Human
micvbang,28.0,Human
markus-wa,3.0,Human
erwinvaneyk,30.0,Human
gmoura,13.0,Human
zachmoody,12.0,Human
Nyholm,10.5,Human
mkorszun,92.0,Human
nemesisdesign,21.0,Human
rohithasrk,8.0,Human
GuillaumeJasmin,82.0,Human
jamesplease,9.0,Human
dpb587-pivotal,36.0,Human
CendioOssman,35.0,Human
DirectXMan12,35.0,Human
SebastienElet,4.5,Human
hippiehunter,36.0,Human
aom,57.0,Human
divyenduz,26.0,Human
apfelbox,21.0,Human
keichinger,31.0,Human
dannyjacobs,30.0,Human
phogel,2.0,Human
nc6,19.0,Human
wadackel,7.0,Human
TylerCarlson1,19.0,Human
jbogard,50.0,Human
radu-matei,100.0,Human
Niko-r,100.0,Human
danschalow,20.0,Human
ripienaar,9.0,Human
justuseapen,100.0,Human
danwalmsley,100.0,Human
feross,6.0,Human
messense,9.0,Human
LKI,12.0,Human
Samuell1,19.0,Human
jaibatrik,100.0,Human
mdantonio,100.0,Human
mteodori,100.0,Human
bhauman,50.0,Human
riccardonar,24.0,Human
kasparsd,15.0,Human
izmmisha,37.0,Human
frerich,32.0,Human
floehopper,30.0,Human
roblopez,100.0,Human
preaction,37.0,Human
vmchukky,61.0,Human
chelm,38.0,Human
BenoitZugmeyer,14.0,Human
ttacon,34.0,Human
j-f1,33.0,Human
JayVora-SerpentCS,100.0,Human
tiliev,23.0,Human
GuilhemN,15.0,Human
dr-dimitru,15.0,Human
beanieboi,29.0,Human
gregsdennis,25.0,Human
phamtuan2993,28.5,Human
garraspin,51.0,Human
davesmith00000,21.0,Human
avasquez614,5.0,Human
wolfy-j,37.0,Human
poy,9.0,Human
jjd314,33.5,Human
vberger,4.0,Human
boopathi,5.0,Human
cekk,100.0,Human
daffidwilde,100.0,Human
lafita,27.0,Human
Jason3S,100.0,Human
Mahsaap,26.0,Human
janeeisenstein,15.0,Human
Sacharified,34.0,Human
jhkennedy,26.5,Human
insomniacslk,30.0,Human
ericsoderberghp,34.0,Human
vasili-v,28.0,Human
sudip-aubergine,27.0,Human
tonivade,100.0,Human
cpcloud,87.5,Human
wesm,30.0,Human
dbatiste,100.0,Human
Hironsan,19.0,Human
alixdamman,3.0,Human
chinedufn,14.0,Human
alisonjoseph,6.0,Human
seejamescode,27.0,Human
StevenMaude,16.0,Human
kb2623,31.0,Human
dominikholler,27.0,Human
guewen,17.0,Human
sbidoul,11.0,Human
lmignon,27.0,Human
stalniy,1.0,Human
supercodepoet,100.0,Human
leleuj,83.0,Human
juanlopez1,100.0,Human
basvanbeek,35.0,Human
afshin,20.0,Human
laurentlb,32.0,Human
alandonovan,9.0,Human
jgrund,36.0,Human
larsonjj,8.0,Human
chazeon,32.0,Human
omangin,21.0,Human
iocanel,100.0,Human
dominictarr,52.0,Human
idubnori,31.0,Human
narr,100.0,Human
ppetrosh,25.0,Human
Sambego,77.0,Human
mjs,23.0,Human
Davo36,20.0,Human
abetomo,28.0,Human
slimslenderslacks,33.0,Human
vaastav,27.5,Human
fractalwrench,4.0,Human
jdsutherland,28.0,Human
imedina,59.0,Human
andy-zhangtao,60.0,Human
skt44,46.0,Human
shepmaster,100.0,Human
carllerche,35.0,Human
Drapegnik,17.0,Human
stepancheg,5.0,Human
DiegoRBaquero,16.0,Human
GlenDC,14.0,Human
udl,23.0,Human
stephendonner,13.0,Human
lawder,100.0,Human
Helow19274,3.0,Human
python273,9.0,Human
j0tunn,39.0,Human
nange,100.0,Human
danez,6.0,Human
henrylee2cn,56.0,Human
diasbruno,77.0,Human
RichardKnop,25.0,Human
davehunt,10.0,Human
JustBlackBird,31.0,Human
tkruse,37.0,Human
wilsonge,30.0,Human
mmerickel,4.0,Human
alexpan0610,100.0,Human
dormando,32.0,Human
shawnbot,33.0,Human
AkihiroSuda,44.0,Human
dlipovetsky,6.0,Human
senntyou,100.0,Human
lamhieu-vk,100.0,Human
maslianok,100.0,Human
ashleygould,23.0,Human
celandro,28.0,Human
andrehp,34.0,Human
joshuaskelly,5.0,Human
Chiiruno,17.0,Human
stevepiercy,100.0,Human
gedge,25.0,Human
mirko-pagliai,100.0,Human
maxiwoj,90.0,Human
SylwiaGargula,15.0,Human
tisba,28.0,Human
Julien-Molina,27.0,Human
ben181231,45.0,Human
LinusU,30.5,Human
mindthegab,50.0,Human
jasonz1987,100.0,Human
36degrees,24.0,Human
kiereleaseuser,100.0,Human
Senyoret1,36.0,Human
gz-c,100.0,Human
bitprophet,56.0,Human
FlyingBird95,4.0,Human
smoench,8.0,Human
Mulugruntz,21.0,Human
scottinet,28.0,Human
cryptobioz,100.0,Human
vektah,15.0,Human
displague,26.0,Human
kevinadi,5.5,Human
harti2006,30.0,Human
rpl,21.0,Human
whiskeysierra,1.0,Human
JeroenDeDauw,21.0,Human
mwjames,24.0,Human
gambol99,10.0,Human
calum-chamberlain,26.0,Human
leejarvis,23.0,Human
shin-,26.0,Human
epheph,100.0,Human
joeruello,100.0,Human
BrockReece,35.0,Human
brockpetrie,33.0,Human
brarcher,13.0,Human
cosven,6.0,Human
mpsido,100.0,Human
hanwen,37.0,Human
mminns,31.0,Human
b4b4r07,37.5,Human
j5ik2o,100.0,Human
epels,18.0,Human
matkoch,11.0,Human
temsa,27.0,Human
timglabisch,50.0,Human
theofidry,24.0,Human
duergner,48.0,Human
danpersa,3.0,Human
gdementen,14.0,Human
dokato,31.0,Human
mmoreram,100.0,Human
palashmon,15.0,Human
martin31821,37.0,Human
seven1986,100.0,Human
thomas-crane,29.0,Human
tianxiaoliang,100.0,Human
mfherbst,68.0,Human
dmitrizzle,0.0,Human
tadashi-aikawa,100.0,Human
KyleAMathews,100.0,Human
glennsl,4.0,Human
shahidhk,100.0,Human
abz53378,13.0,Human
terrycain,33.0,Human
sonofmun,1.0,Human
PonteIneptique,5.0,Human
jone,32.0,Human
jayands,22.0,Human
Songmu,100.0,Human
leonsenft,100.0,Human
nomiddlename,20.0,Human
1991wangliang,100.0,Human
CarstenHollmann,21.0,Human
kumakichi,100.0,Human
davidgoli,34.0,Human
9seconds,8.0,Human
anthonychu,16.0,Human
dannyvankooten,28.0,Human
phax,100.0,Human
archerzz,17.0,Human
themyth92,14.0,Human
sdboyer,32.0,Human
theckman,41.0,Human
kevinburke,26.0,Human
codingjoe,100.0,Human
adhatama,34.5,Human
leo,35.0,Human
zibs,58.0,Human
alexfernandez,68.0,Human
aichholzer,100.0,Human
javabrett,29.0,Human
probablyup,11.0,Human
YOUR-WORST-TACO,61.0,Human
deviantfero,20.0,Human
leemannd,33.0,Human
AlCalzone,19.0,Human
ranjith-sg,100.0,Human
astirpe,24.0,Human
lukasgraf,32.0,Human
mar10,47.0,Human
jmartin82,100.0,Human
julianschiavo,35.0,Human
jcampbell05,44.0,Human
AvdLee,27.0,Human
Boris-Em,24.0,Human
martinpaljak,17.0,Human
moh-moola,100.0,Human
itkovian,4.0,Human
StefH,100.0,Human
serathius,14.0,Human
akosyakov,5.0,Human
svenefftinge,100.0,Human
YosuaHamonangan,40.0,Human
obiot,100.0,Human
Loque-,30.0,Human
Lukas0907,100.0,Human
hubo1016,24.5,Human
louisgv,63.5,Human
opichals,24.0,Human
3lvis,7.0,Human
benborla,100.0,Human
mgravell,18.0,Human
NickCraver,27.0,Human
zachborboa,100.0,Human
zxol,31.5,Human
AlanSl,31.0,Human
zombieJ,26.0,Human
VeaaC,17.0,Human
boxdot,14.0,Human
emilianodellacasa,39.0,Human
Praveengostu,100.0,Human
bboreham,32.0,Human
abataub,19.0,Human
lckr,10.0,Human
fpoli,41.0,Human
laumann,20.0,Human
etingof,33.0,Human
arnaudroger,100.0,Human
c3dr0x,86.5,Human
Gerrit0,34.0,Human
nicolas-grekas,100.0,Human
Tobion,15.0,Human
fabpot,13.0,Human
leth,29.0,Human
tomwilkie,22.0,Human
sushanthakumar,30.0,Human
nirinchev,17.0,Human
shytikov,24.0,Human
rmeissner,15.0,Human
haraldk,30.0,Human
MrSerth,23.0,Human
MihaiTabara,17.0,Human
mrhead,17.0,Human
barnabasJ,34.0,Human
qvantor,100.0,Human
gksinghjsr,37.0,Human
gunnihinn,28.0,Human
nbesimi,100.0,Human
anistor,52.0,Human
amckague,21.0,Human
AlekseyMartynov,6.0,Human
prolic,100.0,Human
bwoebi,41.0,Human
kelunik,11.0,Human
troch,9.0,Human
stefanpenner,24.0,Human
sjperkins,95.0,Human
PizzaBrandon,39.0,Human
SKalt,50.0,Human
davetcc,28.0,Human
sarahvc,31.0,Human
roxana-muresan,38.0,Human
scottgigante,14.5,Human
rdeits,34.0,Human
pfitzseb,2.5,Human
travigd,14.0,Human
dmethvin-gov,26.0,Human
annekainicUSDS,35.0,Human
dhmlau,32.0,Human
jbsmith7741,12.0,Human
basst314,36.0,Human
pvanlaar,41.0,Human
timpalpant,24.0,Human
vadimtsushko,100.0,Human
vorce,95.0,Human
aviau,17.0,Human
nicoddemus,2.0,Human
RonnyPfannschmidt,13.0,Human
clarsonneur,100.0,Human
ekaterina-nbl,44.0,Human
poveden,80.0,Human
pveentjer,3.0,Human
dtantsur,100.0,Human
blink1073,22.0,Human
mattstauffer,26.0,Human
RobinCK,100.0,Human
satyaranjanp,19.0,Human
sstok,33.0,Human
mmews-n4,38.0,Human
Propanu,38.0,Human
asaskevich,96.0,Human
clayreimann,9.0,Human
michaelleeallen,50.0,Human
niksy,31.0,Human
sleto-it,25.0,Human
vdboor,37.0,Human
haroal,34.0,Human
Victor804,33.5,Human
amymcgovern,100.0,Human
rsolorzano2410,2.0,Human
jtuttle,78.0,Human
reneklacan,20.5,Human
dceejay,50.5,Human
p-mongo,100.0,Human
jakzal,27.0,Human
mbjoseph,8.0,Human
k1LoW,20.0,Human
amasad,50.0,Human
mzgoddard,32.0,Human
EgorBo,65.0,Human
edbizarro,93.0,Human
mmatczuk,6.0,Human
yoshoku,32.0,Human
wojtek0806,37.0,Human
GromNaN,9.5,Human
j0k3r,25.0,Human
jc00ke,30.0,Human
b3nl,20.0,Human
filipsch,12.0,Human
rxaviers,10.0,Human
mbacovsky,26.0,Human
kidpixo,46.0,Human
Xonshiz,27.0,Human
darodi,21.0,Human
dsanchezseco,33.0,Human
jzaefferer,32.0,Human
sernst,36.0,Human
davidcassany,41.0,Human
Karamuto,19.0,Human
udos86,13.0,Human
ajdapretnar,59.0,Human
jwinzer,33.0,Human
FinnStutzenstein,19.0,Human
norio-nomura,18.0,Human
jpsim,11.0,Human
piotr-gawlowski,33.0,Human
viljamis,22.0,Human
bugalot,26.0,Human
jmcs,16.0,Human
martincostello,33.0,Human
brennerm,48.0,Human
hutnikau,21.5,Human
brandonocasey,11.0,Human
jhoongo,8.0,Human
jechols,8.0,Human
niksajakovljevic,35.0,Human
APwhitehat,45.0,Human
thomseddon,7.0,Human
mjsalinger,22.0,Human
czyzby,44.0,Human
krichter722,34.0,Human
tumbarumba,26.0,Human
jimlambie,21.0,Human
henriquenfaria,74.0,Human
samtstern,17.0,Human
nschonni,37.0,Human
artlomov,100.0,Human
gnilrets,100.0,Human
prmiles,26.0,Human
edre,33.5,Human
davidfischer,33.0,Human
nelhage,6.0,Human
chipbell4,29.0,Human
monsieurtanuki,29.0,Human
spyhunter99,2.0,Human
GabLeRoux,28.0,Human
schmave,2.0,Human
anselmbradford,32.0,Human
contolini,23.0,Human
irevirdis,33.0,Human
andywer,9.5,Human
otaviojava,30.5,Human
commenthol,24.0,Human
oleksandr-pavlyk,25.0,Human
filipw,26.0,Human
khellang,11.0,Human
hynek,26.0,Human
ariesdevil,8.5,Human
alexis-via,6.0,Human
tjwp,34.0,Human
soumak77,23.0,Human
briantq,33.0,Human
willprice,100.0,Human
miha-stopar,33.0,Human
walkermatt,25.0,Human
jonataswalker,8.0,Human
waylan,20.0,Human
lanzagar,21.0,Human
Amaimersion,16.0,Human
Hyuchia,32.0,Human
jdufresne,35.0,Human
bobdenotter,4.0,Human
kornelski,29.0,Human
iwillspeak,33.0,Human
tansengming,21.0,Human
maffeyl,100.0,Human
reckart,29.0,Human
Apollon77,27.0,Human
hampustagerud,28.0,Human
MscrmTools,50.0,Human
nfriedly,59.0,Human
marionebl,0.0,Human
Mmdixon,100.0,Human
jameswnl,33.0,Human
javan,31.0,Human
akhila-raju,6.0,Human
jschr,17.0,Human
mkaz,35.0,Human
joker234,20.0,Human
Mona62,100.0,Human
dpvc,37.0,Human
zorkow,33.5,Human
kvark,29.5,Human
rgritti,13.0,Human
Lenka42,50.0,Human
veronikaKochugova,100.0,Human
grahammendick,28.0,Human
jamescryer,100.0,Human
waseem-h,13.5,Human
paragonie-scott,5.5,Human
zonyitoo,25.0,Human
sevenTiny,100.0,Human
bdwain,4.0,Human
PLNech,15.0,Human
djzager,11.0,Human
casperisfine,31.0,Human
muan,27.0,Human
jpichon,6.0,Human
trevorstephens,8.0,Human
axic,4.0,Human
samdark,90.5,Human
zidad,14.0,Human
perry-mitchell,12.0,Human
DevYukine,7.0,Human
XhmikosR,24.5,Human
JanOuborny,14.0,Human
dimabory,100.0,Human
vladikoff,100.0,Human
FagnerMartinsBrack,21.0,Human
karmi,40.0,Human
Webdown404,100.0,Human
holgerd77,26.0,Human
dmarcuse,48.0,Human
c0gent,100.0,Human
xliiv,100.0,Human
adamliter,4.0,Human
deargle,15.0,Human
bebraw,19.0,Human
jakirkham,33.0,Human
diegoazh,86.5,Human
orhanobut,1.5,Human
StrahilKazlachev,21.0,Human
bigopon,36.0,Human
LordMike,19.0,Human
jfitisoff,100.0,Human
brianhie,26.0,Human
TysonAndre,13.0,Human
edjubuh,28.5,Human
arcondello,100.0,Human
nikolaiwarner,24.5,Human
MurhafSousli,100.0,Human
hunterlong,10.0,Human
mikery,68.0,Human
romaric-juniet,30.0,Human
philips77,28.0,Human
TorisanKitsune,25.0,Human
rphillips,12.0,Human
aaronlevy,4.0,Human
tarmolov,9.0,Human
ribice,8.0,Human
francoispqt,100.0,Human
jfcere,3.0,Human
mads-hartmann,100.0,Human
mharista,19.0,Human
aldeed,12.5,Human
ARyaskov,100.0,Human
tinybike,9.0,Human
VasiliyNovikov,100.0,Human
Fonger,27.0,Human
vkarpov15,31.0,Human
thijstriemstra,18.0,Human
segiddins,12.0,Human
damiani,30.0,Human
chhsiao90,7.0,Human
randy3k,17.0,Human
Azuka,29.5,Human
dchandekstark,6.0,Human
jeremeamia,36.5,Human
jgrandja,56.0,Human
atian25,14.0,Human
sdkottegoda,45.0,Human
carsongee,100.0,Human
wsmitchell3,36.5,Human
AusIV,7.0,Human
sh-waqar,100.0,Human
leblancfg,26.0,Human
dnalborczyk,25.0,Human
ojkelly,13.0,Human
mbloch1986,29.0,Human
grelleum,14.0,Human
malakaganga,68.0,Human
dg,10.0,Human
JanTvrdik,23.5,Human
glguy,23.0,Human
jtdaugherty,29.5,Human
pcarranza,25.0,Human
davidtheclark,29.0,Human
VladimirTechMan,36.0,Human
ear7h,31.0,Human
gdey,28.0,Human
phillipj,33.0,Human
redboltz,6.0,Human
jfcabral,32.0,Human
ipolevoy,53.0,Human
koloskof,100.0,Human
ruifigueira,31.5,Human
mbraak,100.0,Human
andreynering,3.0,Human
Onno-Dirkzwager,8.0,Human
JesKingDev,24.0,Human
raymondfeng,84.5,Human
Arkni,10.0,Human
tterb,11.0,Human
bnaras,26.0,Human
cferdinandi,21.0,Human
cbusbey,20.0,Human
frodofine,20.0,Human
EthanEChristian,13.0,Human
mrrodriguez,34.0,Human
WilliamParker,16.0,Human
santigimeno,29.0,Human
xdumaine,34.5,Human
erikeelde,40.0,Human
thinkingserious,30.0,Human
matthiask,100.0,Human
pascalberger,34.0,Human
alloy,16.0,Human
tagliala,21.5,Human
robmadole,100.0,Human
michaelplews,35.0,Human
alejandrogallo,100.0,Human
kencheeto,37.0,Human
adamchainz,100.0,Human
zAfLu,35.0,Human
kevinchalet,16.0,Human
alanhamlett,13.0,Human
larskanis,29.0,Human
tomplus,8.0,Human
mhseiden,44.0,Human
smtakeda,88.0,Human
richtier,100.0,Human
tysoncadenhead,100.0,Human
linyows,100.0,Human
aswanipranjal,35.0,Human
valeriocos,35.0,Human
ShelbyZ,36.0,Human
dkundel,70.0,Human
zhi1ong,100.0,Human
kamijin-fanta,13.0,Human
hassansin,17.0,Human
pkopac,30.0,Human
betatim,37.0,Human
athornton,100.0,Human
sebcrozet,9.0,Human
Ralith,19.0,Human
mengxiong10,100.0,Human
rocha,10.0,Human
valscion,18.0,Human
blakeembrey,23.0,Human
TalAmuyal,25.0,Human
slevy85,61.5,Human
darenju,26.0,Human
didierfranc,50.0,Human
weppos,100.0,Human
colinmarc,23.0,Human
johnmay,19.0,Human
mcollina,2.0,Human
peter279k,69.5,Human
mosen,30.0,Human
jrjohnson,35.0,Human
johnharris85,37.0,Human
thebsdbox,9.0,Human
michalkowal,22.0,Human
mesqueeb,100.0,Human
rcannood,19.0,Human
achille-roussel,30.0,Human
joni2back,21.0,Human
mantzas,100.0,Human
skaji,12.0,Human
cabauman,29.0,Human
rborer,29.0,Human
JiaLiPassion,28.0,Human
brandonbloom,50.0,Human
greglook,41.0,Human
ayiemba,100.0,Human
uwolfer,32.0,Human
cheton,12.0,Human
lorencarvalho,5.0,Human
iawia002,7.0,Human
hachi8833,23.0,Human
SamSaffron,32.0,Human
hsbt,24.0,Human
gnestor,26.0,Human
gillesdemey,37.0,Human
Drenn1,24.0,Human
WasabiFan,11.0,Human
j9ac9k,35.0,Human
GrahamCampbell,14.0,Human
ruslanskorb,100.0,Human
dieu,29.0,Human
johnynek,18.0,Human
asifdxtreme,100.0,Human
serhatbolsu,7.0,Human
izeye,32.0,Human
dyu,4.5,Human
brandur,36.0,Human
beardedeagle,48.0,Human
braegelno5,39.0,Human
tranchitam,72.5,Human
slandelle,9.0,Human
TheXDS,100.0,Human
ejmr,39.0,Human
zonuexe,22.0,Human
apisit,100.0,Human
maxekman,29.0,Human
cat-bro,26.0,Human
adamrauh,53.0,Human
benthestatistician,38.0,Human
ychin,29.0,Human
Einenlum,32.0,Human
antonmedv,100.0,Human
jodosha,12.0,Human
ajafff,20.0,Human
kevin-greene-ck,2.0,Human
kaatzee,28.5,Human
etorreborre,9.0,Human
ParallelTask,100.0,Human
Breakthrough,50.0,Human
demurgos,21.0,Human
losfair,100.0,Human
ash2k,9.0,Human
fabienvauchelles,100.0,Human
itamaro,5.5,Human
tsimbalar,36.0,Human
jirenius,100.0,Human
Yomguithereal,24.0,Human
Civil,16.0,Human
mtesseract,7.5,Human
PascalSchumacher,5.0,Human
nickw444,19.0,Human
vadeg,36.0,Human
motin,32.0,Human
amit-sharma,9.0,Human
spersson,42.0,Human
mdh67899,21.0,Human
nl5887,100.0,Human
ShMcK,25.0,Human
xmudrii,16.0,Human
Ynhockey,9.0,Human
ofernandezcr92,100.0,Human
jricher,100.0,Human
sander3,100.0,Human
efatsi,68.5,Human
doom369,22.0,Human
nschloe,100.0,Human
formiaczek,69.0,Human
siu,33.0,Human
guanqun,37.0,Human
sunng87,15.5,Human
yuripourre,53.0,Human
Suremaker,43.0,Human
webberig,38.0,Human
rpearce,12.0,Human
ngot,100.0,Human
Grsmto,28.0,Human
InquisitivePenguin,57.0,Human
davebryson,71.0,Human
zramsay,100.0,Human
adrianbrink,100.0,Human
melekes,100.0,Human
ukstv,9.0,Human
mariusvniekerk,16.0,Human
ikalchev,100.0,Human
vrom911,22.0,Human
vcaesar,38.0,Human
herpaderpaldent,26.0,Human
nol13,50.0,Human
rabbah,30.0,Human
dlew,3.0,Human
bartlangelaan,24.0,Human
seregazhuk,100.0,Human
oxinabox,29.0,Human
bdunks,41.0,Human
JonGilmore,20.5,Human
thecynic,34.0,Human
Varorbc,100.0,Human
Andryu,100.0,Human
fleaz,15.0,Human
0x1daniel,20.5,Human
reneeotten,37.0,Human
davarravad,24.0,Human
jorgenhenrichsen,14.5,Human
j-rewerts,31.5,Human
zharpaz,35.0,Human
mpostol,28.0,Human
Zil0,34.0,Human
non-Jedi,19.5,Human
rpkilby,9.0,Human
smortex,33.0,Human
bastelfreak,4.0,Human
KiChjang,25.0,Human
kevinsteves,7.5,Human
francoischalifour,3.0,Human
pravic,28.0,Human
sloria,11.0,Human
termoshtt,3.0,Human
fortytw2,29.0,Human
geek,10.0,Human
Marsup,30.0,Human
joshiste,26.0,Human
markusenglund,35.0,Human
halverneus,100.0,Human
elharo,100.0,Human
scls19fr,21.0,Human
jbgi,24.0,Human
jeskew,25.0,Human
hdorgeval,30.0,Human
Carreau,18.0,Human
cowtowncoder,37.0,Human
gen0cide,100.0,Human
webbcam,13.0,Human
dghubble,29.0,Human
dgw,33.0,Human
nadar,25.0,Human
depfu,42.0,Human
yutopp,100.0,Human
josemduarte,27.0,Human
gmf520,100.0,Human
bluebill1049,100.0,Human
TORISOUP,24.0,Human
neuecc,30.0,Human
nicolobruno,33.0,Human
njwest,31.5,Human
romelperez,6.0,Human
amenzhinsky,100.0,Human
NekR,100.0,Human
shogo4405,22.0,Human
keyki,100.0,Human
ernscht,55.0,Human
mscuthbert,28.5,Human
Silverwolf90,18.0,Human
elprans,25.0,Human
Lodin,30.0,Human
dingelish,17.0,Human
OverloadUT,35.5,Human
BuZZy1337,26.0,Human
rtfpessoa,100.0,Human
pauljohanneskraft,30.0,Human
jelmer,21.0,Human
maximbaz,34.0,Human
fhunleth,17.0,Human
danieldooley,12.0,Human
kylegach,73.0,Human
orenyodfat,11.0,Human
rchl,22.0,Human
rmarren1,18.0,Human
T4rk1n,31.0,Human
valentijnnieman,30.0,Human
anpleenko,100.0,Human
ChaseWiseman,7.0,Human
unfulvio,32.0,Human
olofk,35.0,Human
ctalkington,4.0,Human
suminb,35.0,Human
andryuha49,100.0,Human
Fokko,28.5,Human
ferstl,100.0,Human
mudassir0909,8.0,Human
dbfannin,42.0,Human
ghackett,29.0,Human
gjunge,11.5,Human
xmorera,30.0,Human
oskarrough,29.0,Human
HarveyKandola,13.0,Human
krystiankaluzny,41.0,Human
bodewig,31.0,Human
srowen,22.5,Human
JesusFreke,100.0,Human
krzkaczor,7.0,Human
Afterster,62.5,Human
germanattanasio,28.0,Human
reidmorrison,50.0,Human
yowainwright,1.0,Human
refractalize,7.0,Human
asottile,6.0,Human
talyguryn,20.0,Human
zakird,11.0,Human
sheppard,29.0,Human
klzns,17.0,Human
boutell,13.5,Human
tomaka,16.0,Human
geoperez,83.0,Human
itsachen,34.0,Human
erdi,100.0,Human
brownjava,31.0,Human
andyjansson,32.0,Human
chris-smith,31.0,Human
rickywiens,36.0,Human
HotelCalifornia,35.0,Human
jasl,58.5,Human
anwar6953,27.5,Human
schipiga,100.0,Human
ahmadiq,100.0,Human
arobase-che,29.5,Human
wooorm,21.0,Human
hartzis,28.0,Human
dozoisch,17.0,Human
arun251,34.0,Human
brian-nguyen,23.0,Human
kevingentile,100.0,Human
eddedd88,100.0,Human
smarterclayton,31.0,Human
dmage,10.0,Human
bparees,16.0,Human
jeevatkm,13.0,Human
satazor,27.0,Human
aashish24,100.0,Human
MilesMcBain,15.0,Human
darrenldl,20.0,Human
vreuter,7.5,Human
surli,20.5,Human
benjamin-bader,5.0,Human
jkelvie,11.0,Human
gosuri,4.0,Human
Carl-Hugo,16.5,Human
josemarluedke,100.0,Human
flops,100.0,Human
rodjek,15.0,Human
clintonb,25.0,Human
rbuels,22.0,Human
cmdcolin,34.0,Human
adamchel,17.0,Human
dburkhardt,100.0,Human
drzraf,33.0,Human
mellisio,16.0,Human
iNecas,21.0,Human
adamruzicka,3.0,Human
NHDaly,19.0,Human
bpodgursky,34.5,Human
jcornell123,32.0,Human
richardsamuels,100.0,Human
dpopp07,35.0,Human
nathandunn,18.0,Human
ffgalindo,28.0,Human
ndpete,13.5,Human
joelshawaddepar,25.0,Human
tjcelaya,25.0,Human
dekobon,3.0,Human
vito,38.0,Human
vincentsarago,12.0,Human
Leko,9.0,Human
greenaddress,21.5,Human
romanz,14.0,Human
ericholscher,100.0,Human
ozanuykun,100.0,Human
jettify,100.0,Human
ahhh,21.0,Human
JohnTitor,37.0,Human
DimaLiLongJi,3.0,Human
GlennMatthys,82.0,Human
Kukks,32.0,Human
rafihm,36.0,Human
michaelborchert,13.0,Human
weieigao,100.0,Human
linvi,100.0,Human
MichaelKetting,100.0,Human
stephenmcd,33.0,Human
hcodes,100.0,Human
bendrucker,15.0,Human
johndatserakis,100.0,Human
Maryom,3.0,Human
Mazyod,100.0,Human
sonota88,100.0,Human
loxp,100.0,Human
nblock,30.0,Human
nickhingston,14.5,Human
sanjid133,100.0,Human
vlad-km,29.0,Human
theotherphil,100.0,Human
Zegnat,32.5,Human
yanaga,100.0,Human
javierbrea,30.0,Human
piranna,33.0,Human
autotelik,32.0,Human
bidhan-a,25.5,Human
ubergesundheit,38.0,Human
lunemec,100.0,Human
lnemsick-simp,36.0,Human
arnoegw,16.0,Human
kporras07,11.0,Human
ethanwhite,24.0,Human
tbaliance,100.0,Human
mvantellingen,5.0,Human
kcooney,6.0,Human
maier,29.0,Human
morgant,64.0,Human
dblock,11.0,Human
sangleganesh,16.5,Human
plouc,13.5,Human
janvanrijn,75.0,Human
michaeldwan,6.0,Human
ktsn,18.5,Human
jeromegamez,16.0,Human
jmank88,35.0,Human
KeithWoods,3.0,Human
ferd,42.0,Human
TheGeorge,23.5,Human
namuyan,20.0,Human
close2,10.0,Human
mila,33.0,Human
theacodes,2.0,Human
dstufft,9.5,Human
JohnnyCrazy,21.0,Human
dlouzan,18.0,Human
bufferoverflow,100.0,Human
dantleech,100.0,Human
kachayev,23.0,Human
matsuo,22.0,Human
harlow,34.0,Human
antonybudianto,28.0,Human
kt3k,54.0,Human
prytoegrian,35.0,Human
wouldsmina,35.0,Human
nao-pon,23.0,Human
nblumhardt,27.0,Human
macdonst,24.0,Human
himrock922,100.0,Human
mshibuya,13.0,Human
jonaskello,25.0,Human
BeyondEvil,9.0,Human
FlorianWilhelm,28.0,Human
abravalheri,28.0,Human
Bernardo-MG,100.0,Human
athas,4.0,Human
deanmarchiori,39.0,Human
adamhsparks,27.0,Human
taras,25.0,Human
WebReflection,33.0,Human
wasabeef,21.0,Human
sw-yx,25.5,Human
reaperhulk,3.0,Human
alex,100.0,Human
FelixGail,100.0,Human
olimpias,37.0,Human
ldemailly,20.0,Human
ahartikainen,34.0,Human
joeaudette,100.0,Human
euresti,85.0,Human
dsander,19.0,Human
komuw,94.0,Human
czystyl,100.0,Human
teo-tsirpanis,24.0,Human
herom,33.5,Human
sorawee,6.0,Human
mmatloka,19.0,Human
jiwen624,30.0,Human
rodrigograca31,50.0,Human
sstevenkang,50.0,Human
AnthonySteele,81.0,Human
slang25,61.0,Human
Gallaecio,8.0,Human
TrevorFarrelly,32.0,Human
guillermooo,20.5,Human
itajaja,28.0,Human
JacquiManzi,100.0,Human
drewejohnson,32.0,Human
tyrannosaurus-becks,17.0,Human
gregturn,39.0,Human
miloyip,8.0,Human
nhumrich,26.0,Human
ggarnier,27.0,Human
WalternativE,41.0,Human
peyerluk,26.0,Human
reconbot,36.0,Human
BoboTiG,12.0,Human
i-like-robots,22.5,Human
ofrobots,100.0,Human
libotony,100.0,Human
botanicus,30.0,Human
mrjonesbot,38.0,Human
olgabot,40.0,Human
paleolimbot,100.0,Human
jeremyabbott,37.5,Human
sagalbot,9.0,Human
knobotz,100.0,Human
miabbott,63.0,Human
p3x-robot,50.0,Human
ericbottard,6.0,Human
jbottigliero,37.0,Human
JamesBotterill,71.5,Human
botimer,37.0,Human
dabbott,58.0,Human
jeffreymkabot,37.5,Human
mobile-devx-github-bot,35.0,Human
vaadin-bot,100.0,Human
glickbot,38.0,Human
dxrobot,100.0,Human
sacloud-bot,19.0,Human
RiotTranslateBot,100.0,Human
acarabott,32.0,Human
bottlenecked,36.0,Human
warmrobot,11.0,Human
BloggerBust-bot,38.0,Human
andreubotella,33.5,Human
cristianbote,11.0,Human
mrrobot47,43.0,Human
jesusbotella,32.5,Human
ninjarobot,58.5,Human
TheHipbot,17.0,Human
TurekBot,36.0,Human
tld-update-bot,100.0,Human
bobotu,21.0,Human
boenrobot,31.0,Human
larrybotha,32.0,Human
botandrose,27.0,Human
wbotelhos,35.0,Human
KarishmaBothara,16.0,Human
sarbbottam,24.0,Human
botika,1.0,Human
cjbottaro,27.0,Human
tensorflow-graphics-github-robot,33.0,Human
foxbot,27.0,Human
KittyBot,95.5,Human
TheAIBot,32.0,Human
BoTime,33.0,Human
iobotis,100.0,Human
jrbotros,50.5,Human
botev,68.5,Human
adrianbota,35.0,Human
dawsbot,18.0,Human
amitaekbote,26.0,Human
cristina0botez,100.0,Human
tibotiber,28.0,Human
PerBothner,36.0,Human
cbothner,39.0,Human
ParthBarot-BoTreeConsulting,34.0,Human
brokenbot,50.0,Human
charliesbot,27.0,Human
wootsbot,4.0,Human
glide-copybara-robot,29.0,Human
UberOpenSourceBot,19.0,Human
jjrobothamho,37.0,Human
trax-robot,33.0,Human
bothra90,34.0,Human
glotbot,100.0,Human
jbobotek,100.0,Human
ohbot,50.0,Human
xobotyi,23.0,Human
gvisor-bot,27.0,Human
KadoBOT,8.0,Human
codeboten,24.0,Human
robotmrv,19.0,Human
graalvmbot,3.0,Human
haribote,3.0,Human
moonwalker-bot,51.0,Human
achoboter,29.0,Human
usercont-release-bot,49.0,Human
subotic,10.5,Human
pabbott0,62.0,Human
breakingrobot,21.0,Human
brettchabot,57.0,Human
alshaboti,34.0,Human
abotiamnot,19.0,Human
rybot666,64.5,Human
wking-io,37.0,Human
sonic-ios-dev,31.0,Human
drj-io,100.0,Human
loeffel-io,24.5,Human
Alexandre-io,38.0,Human
Alban-io,100.0,Human
nhz-io,100.0,Human
ylv-io,100.0,Human
vlad-ion,40.5,Human
manuel-di-iorio,50.0,Human
prologic,32.0,Human
JDragovichAlertLogic,52.0,Human
techknowlogick,15.0,Human
logicminds,39.0,Human
easylogic,25.0,Human
Teknologica,34.0,Human
srikanthlogic,21.0,Human
logic-building,100.0,Human
FuzzicalLogic,31.5,Human
SlowLogicBoy,9.0,Human
viralogic,14.0,Human
chasinglogic,30.5,Human
bitsoflogic,23.0,Human
QuLogic,32.0,Human
IKnowLogic,38.0,Human
millerlogic,17.0,Human
FlickerLogicalStack,91.0,Human
scoder,100.0,Human
rzcoder,100.0,Human
jdxcode,100.0,Human
graemecode,100.0,Human
giventocode,12.0,Human
akcoder,33.5,Human
architectcodes,39.0,Human
fancycode,19.0,Human
codecholeric,28.0,Human
dcodeIO,64.5,Human
codesoap,37.0,Human
SpeedyCoder,100.0,Human
codelucas,27.0,Human
lukencode,39.5,Human
Anonycoders,30.0,Human
prettycoder,31.0,Human
codenrhoden,21.0,Human
thecodeboss,40.0,Human
codegangsta,100.0,Human
TattdCodeMonkey,26.0,Human
crankycoder,23.0,Human
coderaiser,26.0,Human
coderanger,37.0,Human
bpicode,2.0,Human
cjcodes,27.5,Human
haadcode,34.0,Human
codeTom,37.0,Human
TraGicCode,15.5,Human
seriouscoderone,100.0,Human
typicode,100.0,Human
jstacoder,22.0,Human
ncode,44.0,Human
cursedcoder,100.0,Human
codeandcats,29.0,Human
NorthSeacoder,8.5,Human
tk-codes,27.5,Human
andrewmcodes,37.0,Human
ncodes,16.0,Human
fabiosantoscode,27.0,Human
itai-codefresh,100.0,Human
tpluscode,84.0,Human
dipujscoder,29.0,Human
codebude,30.0,Human
codeforequity-at,100.0,Human
codesmith14,100.0,Human
Cr45hCode,73.0,Human
CoderZhi,25.0,Human
codebytere,45.5,Human
bxcodec,100.0,Human
ChimeraCoder,42.0,Human
picocodes,33.0,Human
codemanki,31.0,Human
codemaestro64,34.0,Human
goodcode,30.0,Human
faisaltheparttimecoder,69.0,Human
yaroslav-codefresh,100.0,Human
langecode,9.0,Human
cspotcode,61.0,Human
CodeClinch,75.0,Human
justacodefan,31.0,Human
X-Coder264,17.0,Human
codesome,32.0,Human
tricoder42,6.0,Human
fubar-coder,29.0,Human
coderkevin,37.0,Human
JWebCoder,100.0,Human
Intellicode,15.0,Human
ediblecode,8.0,Human
codecounselor,34.0,Human
codenamev,29.0,Human
NamelessCoder,3.0,Human
ReToCode,92.0,Human
abbeycode,29.0,Human
src-code,29.0,Human
CodeBaboon,19.0,Human
rubenCodeforges,7.0,Human
codenio,32.0,Human
ncoden,37.5,Human
CodeSandwich,100.0,Human
ograycode,36.0,Human
MiniCodeMonkey,66.5,Human
taylorcode,37.5,Human
marcodeltutto,23.0,Human
CodeJuan,62.0,Human
licode,38.0,Human
codemayank,77.0,Human
coderitual,100.0,Human
Arcoders,100.0,Human
CodeBrew28,30.0,Human
code-farmz,26.0,Human
codeDebugTest,65.0,Human
VibhorCodecianGupta,22.0,Human
ttpcodes,37.0,Human
codenirvana,4.0,Human
codekoala,51.0,Human
kescherCode,31.0,Human
coder2000,25.0,Human
codearoni,100.0,Human
HobbitCodes,100.0,Human
ApCoder123,58.0,Human
lindycoder,27.5,Human
codeshifu,25.0,Human
Vicodex,27.5,Human
codekie,13.0,Human
chancancode,21.5,Human
escodel,69.0,Human
Biacode,100.0,Human
qwcode,20.5,Human
briancodes,100.0,Human
ivarcode,100.0,Human
TAndraCode,27.0,Human
iamDecode,34.0,Human
wcoder,7.0,Human
coderdiaz,35.0,Human
modularcoder,100.0,Human
lambcode,34.0,Human
rickycodes,27.0,Human
code-crusher,31.0,Human
jshencode,4.0,Human
sunfishcode,19.0,Human
SplotyCode,100.0,Human
katelovescode,25.5,Human
thecodejack,35.0,Human
TheFriendlyCoder,100.0,Human
codejet,44.0,Human
yscoder,100.0,Human
cnicodeme,53.0,Human
vincethecoder,13.0,Human
codealchemy,49.0,Human
codebeaulieu,60.5,Human
codepb,100.0,Human
codeBelt,21.0,Human
codeodor,28.0,Human
coderextreme,100.0,Human
beatscode,37.5,Human
lloricode,87.0,Human
dabcoder,24.0,Human
draftcode,1.0,Human
t0xicCode,29.0,Human
coderofsalvation,15.0,Human
codepope,34.0,Human
CodeLenny,20.5,Human
unicoder88,37.0,Human
code4craft,60.5,Human
handcode,39.0,Human
codedread,35.0,Human
codekirei,70.0,Human
theBuzzyCoder,38.0,Human
rleigh-codelibre,27.0,Human
thecodershome,68.0,Human
LazoCoder,32.0,Human
coderbyheart,18.0,Human
exocode,50.0,Human
dcode,35.0,Human
codemonkey3045,39.0,Human
felixcodes,25.0,Human
codeart1st,34.0,Human
stklcode,30.0,Human
lonelycode,62.5,Human
sky-code,68.5,Human
hardworkingcoder,52.5,Human
manojdcoder,95.0,Human
codeswholesale,100.0,Human
robocoder,38.0,Human
spatocode,67.5,Human
licodeli,33.0,Human
codelipenghui,36.0,Human
OpenCode,28.0,Human
chibicode,28.0,Human
diego-codes,52.0,Human
spaghetticode,48.0,Human
codecalm,10.0,Human
CaptainCodeman,27.0,Human
codebrain,20.0,Human
olegz-codefresh,100.0,Human
juliacodez,18.0,Human
codezizo,57.0,Human
donotcodeit,36.5,Human
bencodezen,95.0,Human
carpecodeum,84.5,Human
gloriousCode,41.0,Human
codeninja,24.5,Human
codemile,100.0,Human
swiftcoder,66.0,Human
scottcode,30.0,Human
psxcode,100.0,Human
CodeWolf86,12.0,Human
bahdcoder,100.0,Human
Coder-256,33.0,Human
fusillicode,99.5,Human
codehearts,67.0,Human
codeFareith,100.0,Human
Avi-D-coder,20.0,Human
noscode,39.0,Human
TuxCoder,54.5,Human
synercoder,9.0,Human
mkcode,30.0,Human
miko-code,99.5,Human
CodeAnimal,67.5,Human
JaneCoder,45.0,Human
groovecoder,34.0,Human
pwilczynskiclearcode,23.0,Human
codenamesubho,36.0,Human
CodeGather,100.0,Human
AlisCode,41.0,Human
mats-claassen,7.0,Human
CD-Clarke,34.0,Human
Ross-Clark,20.0,Human
sean-clayton,24.0,Human
factom-clay,100.0,Human
Krzysztof-Cieslak,65.0,Human
michael-ciniawsky,89.5,Human
dbainbri-ciena,100.0,Human
io-scalecube-ci,100.0,Human
as-cii,34.0,Human
jhm-ciberman,17.0,Human
kenjones-cisco,43.0,Human
dino-cikatic,42.0,Human
vc-ci,29.0,Human
itdependsnetworks,45.0,Human
hexfusion,25.0,Human
spideyfusion,100.0,Human
mikrofusion,100.0,Human
AutoSponge,72.0,Human
automationator,50.0,Human
aws-sdk-go-automation,44.0,Human
Automunge,17.0,Human
synapticarbors,28.0,Human
gaborsar,100.0,Human
pratikborsadiya,56.5,Human
bors-ltd,29.0,Human
albertborsos,15.0,Human
tiborsimko,41.0,Human
gaborszakacs,33.0,Human
borsboom,16.0,Human
GaborSuranyi,22.0,Human
mborsz,26.0,Human
aborsu,52.5,Human
KevinGrandon,100.0,Human
spinlock,100.0,Human
grantjenks,8.0,Human
anacrolix,28.0,Human
pocketjoso,28.0,Human
mewmew,26.0,Human
basilhariri,100.0,Human
hayesall,30.5,Human
carloscuesta,30.0,Human
robshakir,33.0,Human
adriantran,25.0,Human
dchenk,71.0,Human
sarun87,12.0,Human
DrMarcII,12.0,Human
becw,5.0,Human
NathanWalker,11.0,Human
bryanl,41.0,Human
sdemos,34.0,Human
rappdw,13.0,Human
emilgoldsmith,19.0,Human
nalesandro,100.0,Human
izgeri,41.0,Human
jasonrahm,32.0,Human
wavebeem,30.0,Human
pythoneer,22.0,Human
vijaynalawade,25.0,Human
retgits,67.0,Human
dhillondeep,1.0,Human
JunielKatarn,28.0,Human
koher,22.0,Human
bhazelton,5.0,Human
okdistribute,13.5,Human
phliar,15.0,Human
floatdrop,59.0,Human
magro,31.0,Human
NathanSweet,55.5,Human
adrake33,16.5,Human
kristw,8.0,Human
aydrian,10.5,Human
yannickl88,33.0,Human
heapwolf,32.0,Human
steelydylan,14.0,Human
blimmer,91.5,Human
reidsvilleneuve,34.0,Human
donmccurdy,23.0,Human
dxinteractive,20.0,Human
telegraphic,22.0,Human
adamlacoste,36.0,Human
matteosister,23.0,Human
msmathers,17.0,Human
fanatid,100.0,Human
aOrz,100.0,Human
ryanwinchester,100.0,Human
nox,87.0,Human
awprice,15.5,Human
TheKeymaster,4.0,Human
sudodoki,29.0,Human
Zak-C,20.0,Human
mixmasala,38.0,Human
danielgerlag,5.0,Human
PauBenetPrat,100.0,Human
rovansteen,7.0,Human
aermakov-zalando,36.0,Human
hjacobs,6.0,Human
nicolargo,25.0,Human
Peque,23.0,Human
mxcl,100.0,Human
jomonkj,16.0,Human
jholt1,26.0,Human
Toflar,16.5,Human
leofeyer,100.0,Human
stevehu,42.0,Human
yschimke,100.0,Human
joakim-hove,100.0,Human
XVincentX,26.0,Human
Maks3w,30.5,Human
jansiegel,30.0,Human
KbWorks,39.0,Human
wictorwilen,4.5,Human
scottrobertson,5.0,Human
bryphe,19.0,Human
ymucystk,0.0,Human
deoxxa,38.0,Human
dulltz,13.0,Human
mgrosperrin,26.0,Human
ejmahler,15.0,Human
upperwal,63.0,Human
olgadanylova,12.0,Human
ilgooz,100.0,Human
tariq1890,80.0,Human
koute,100.0,Human
zbranzov,100.0,Human
ForbesLindesay,30.0,Human
taleinat,53.0,Human
menduo,79.5,Human
rgieseke,19.5,Human
chrisroadmap,32.0,Human
mmetayer,5.0,Human
kevinansfield,34.0,Human
mixonic,22.0,Human
phil-opp,18.0,Human
cundd,100.0,Human
milo,23.5,Human
mstrazar,33.0,Human
kaidiren,100.0,Human
k0nserv,12.0,Human
mcintyre321,100.0,Human
fsmanuel,8.0,Human
vunb,30.0,Human
KorzunAV,22.5,Human
iddan,54.5,Human
joerick,3.0,Human
hediyi,47.0,Human
martinherweg,100.0,Human
kdambekalns,29.0,Human
Artemkaaas,27.0,Human
jhurliman,100.0,Human
NicolasRannou,10.0,Human
alexellis,41.0,Human
eyedeekay,39.0,Human
rmg,37.0,Human
sam-github,11.0,Human
bsweeney,5.0,Human
loganfsmyth,36.0,Human
mikbry,26.0,Human
aycabta,21.0,Human
rowanwins,34.0,Human
dwsupplee,28.0,Human
legal90,32.0,Human
MahdiZareie,100.0,Human
softprops,100.0,Human
mosic,100.0,Human
PaulLeCam,22.0,Human
azhiltsov,37.0,Human
nathanidp,100.0,Human
juliens,29.0,Human
aloneguid,35.0,Human
dwmkerr,36.5,Human
nataly87s,7.0,Human
iamacarpet,100.0,Human
neverchanje,25.0,Human
DavoudTaghawiNejad,100.0,Human
KennethanCeyer,39.0,Human
emccorson,9.0,Human
mikiobraun,30.0,Human
satya164,34.5,Human
tmcw,5.0,Human
samhed,31.0,Human
yurijmikhalevich,50.0,Human
faroit,34.0,Human
crimsonred,100.0,Human
trym,58.0,Human
TrySound,100.0,Human
cjus,33.0,Human
sp00m,65.5,Human
muthurathinam,19.0,Human
vadimavdeev,100.0,Human
rantianhua,11.0,Human
torkleyy,10.0,Human
isaacs,30.0,Human
yrodiere,41.0,Human
obfischer,68.5,Human
tats-u,18.0,Human
k2kobayashi,15.0,Human
jhecking,27.0,Human
cheungpat,8.0,Human
JelteF,23.5,Human
notlee,18.0,Human
rasheedamir,37.0,Human
kharanenka,100.0,Human
aloisklink,30.0,Human
slashdotdash,31.0,Human
chrisburr,11.5,Human
joaosamouco,26.0,Human
takaishi,19.0,Human
KarlLevik,33.0,Human
Anthchirp,28.0,Human
HyperBrain,46.0,Human
clue,14.5,Human
paulfalgout,28.0,Human
9il,100.0,Human
smpl,14.0,Human
estolfo,16.0,Human
jameswilson,69.0,Human
kurnevsky,100.0,Human
kpp,100.0,Human
menduz,19.0,Human
gfursin,100.0,Human
csholmes,33.0,Human
noties,15.0,Human
coryb,19.0,Human
kris-nova,12.0,Human
m-weigand,20.0,Human
achilleas-k,33.0,Human
dcsan,34.0,Human
kirsle,32.0,Human
jhoblitt,6.0,Human
trusktr,40.0,Human
blikblum,62.5,Human
treshugart,6.0,Human
adambkaplan,28.0,Human
NorfairKing,15.0,Human
CSVdB,100.0,Human
emilymye,23.0,Human
damsfx,12.0,Human
wernerkrauss,20.5,Human
stevie-mayhew,11.0,Human
redhatrises,13.0,Human
johndgiese,100.0,Human
interactivellama,19.0,Human
tas50,56.0,Human
jeremymeng,19.0,Human
alileza,100.0,Human
dherman,19.0,Human
katbyte,100.0,Human
hiyosi,28.0,Human
tychoish,100.0,Human
johnsenpeder,20.0,Human
atgrau,13.0,Human
mauroa,21.0,Human
adalon,5.0,Human
alexflav23,6.0,Human
danielkaneider,33.5,Human
vojtechhabarta,32.0,Human
rkh,33.0,Human
ender503,34.0,Human
olistic,4.0,Human
idan,32.0,Human
Duerno,100.0,Human
tnagler,100.0,Human
tvatter,100.0,Human
davinci26,64.5,Human
whyrusleeping,100.0,Human
travisperson,13.0,Human
LeeSmet,4.5,Human
VictorVelarde,29.0,Human
dcmouyard,91.5,Human
Scotchester,29.0,Human
kylebuch8,100.0,Human
brigand,34.0,Human
phoracek,23.0,Human
sonnyp,100.0,Human
shimizukawa,41.0,Human
novemberborn,11.0,Human
Domysee,22.5,Human
julienbourdeau,23.0,Human
tristan0x,13.0,Human
aliak00,22.0,Human
aazon,29.0,Human
mmoll,11.0,Human
dfahlander,4.0,Human
michielpost,8.5,Human
thiru,21.0,Human
jonathansamines,100.0,Human
stash,30.0,Human
awaterma,35.0,Human
bradylove,32.5,Human
fredoboulo,7.0,Human
brodybits,67.0,Human
seanmcleod,17.0,Human
joegoldbeck,16.0,Human
bsipocz,26.0,Human
or-else,17.0,Human
CampGareth,31.0,Human
cornerman,15.0,Human
georgikocev,29.0,Human
can-soykarafakili,100.0,Human
keilw,37.0,Human
drnluz,100.0,Human
Valve,100.0,Human
Tzxhy,53.0,Human
fsmirne,21.0,Human
mbj4668,93.0,Human
pselle,7.5,Human
sharkdp,10.0,Human
srinandan,100.0,Human
keith,22.0,Human
rmw2,30.0,Human
megahertz,50.0,Human
ekerwin,100.0,Human
JakeChampion,27.0,Human
yodalee,39.5,Human
vasdeveloper,100.0,Human
jlaine,21.0,Human
lpil,100.0,Human
ftchirou,57.0,Human
julien-moreau,100.0,Human
fengzixu,86.5,Human
JKHeadley,10.0,Human
dangilman,22.0,Human
sibirrer,33.0,Human
kyhavlov,39.0,Human
dbernstein,25.5,Human
Noofbiz,10.0,Human
mmstick,20.0,Human
brs17,12.0,Human
JMPerez,9.5,Human
wojcikstefan,26.5,Human
GaretJax,19.0,Human
film42,31.0,Human
roobre,25.0,Human
ryantmer,17.0,Human
jhunt,27.0,Human
satoshun00,7.0,Human
rwjblue,4.0,Human
jdmurphy,33.0,Human
prestwich,17.0,Human
developit,8.0,Human
treblereel,100.0,Human
sh4nks,20.5,Human
adjackura,100.0,Human
freeekanayaka,36.0,Human
drewnoakes,23.0,Human
pzuraq,37.0,Human
jbailey4,28.0,Human
wmgroot,24.0,Human
emmanvg,28.0,Human
piedoom,18.0,Human
tsherif,5.0,Human
matiu,25.0,Human
rabidgremlin,18.0,Human
dmalan,100.0,Human
raybooysen,18.0,Human
jitsni,35.5,Human
attilaolah,29.0,Human
dgasmith,35.0,Human
leeping,12.0,Human
stebo85,16.5,Human
eudangeld,71.0,Human
koterpillar,6.0,Human
ThibaultJanBeyer,30.0,Human
rajatady,100.0,Human
arnodel,26.0,Human
joelddiaz,36.0,Human
eugulixes,100.0,Human
opoupeney,100.0,Human
undera,100.0,Human
puneetguptanitj,8.5,Human
ticoann,96.0,Human
yuyiguo,14.0,Human
Calebjh,36.0,Human
alexfreska,100.0,Human
raquo,25.5,Human
vernondegoede,7.0,Human
modocache,34.0,Human
mojavelinux,50.0,Human
luispadron,17.0,Human
SergeyZhukovsky,100.0,Human
bbondy,24.0,Human
steelbrain,36.0,Human
Gp2mv3,69.0,Human
shantanugadgil,33.0,Human
canavandl,29.0,Human
sauln,38.0,Human
lmcinnes,100.0,Human
davidmoten,33.0,Human
postelrich,35.5,Human
ashishagg,100.0,Human
sbesson,30.0,Human
andreasschroth,100.0,Human
jehiah,32.0,Human
mreiferson,34.0,Human
maoueh,24.0,Human
slumnitz,31.0,Human
mattlewis92,1.0,Human
burtonr,82.0,Human
michaeltlombardi,24.0,Human
Iristyle,23.0,Human
dlech,30.0,Human
seanmonstar,17.0,Human
alecmocatta,14.5,Human
mistydemeo,34.0,Human
technicalpickles,29.0,Human
mccalluc,3.0,Human
jbduncan,100.0,Human
AlecAivazis,28.0,Human
urso,20.0,Human
migueldeicaza,100.0,Human
stevenbenisek,36.0,Human
matthiasblaesing,8.0,Human
dbwiddis,16.0,Human
floryst,10.0,Human
danielestevez,24.0,Human
CapacitorSet,21.0,Human
horiuchi,20.0,Human
kaspersorensen,19.0,Human
LosD,35.0,Human
voelzmo,28.0,Human
david415,40.0,Human
ncdc,43.0,Human
catsby,55.0,Human
fredvd,31.5,Human
adamgibbons,28.0,Human
krancour,17.0,Human
v-makouz,2.0,Human
mkleehammer,39.0,Human
sgrove,15.5,Human
paulolimarb,27.0,Human
matt-peters,100.0,Human
rrrene,29.0,Human
domoritz,10.0,Human
michal-harish,100.0,Human
twsouthwick,4.0,Human
agentcooper,100.0,Human
oBusk,27.0,Human
mofirouz,14.0,Human
diogogomeswww,36.0,Human
ignaciosplit,15.0,Human
SenhorCastor,100.0,Human
abstractj,21.0,Human
jangaraj,13.5,Human
jannyHou,30.0,Human
virkt25,58.0,Human
vtsykun,22.0,Human
anyt,31.0,Human
guilhermebruzzi,30.0,Human
selwin,3.0,Human
ggeisler,54.0,Human
Shwetap05,16.5,Human
ale7714,21.0,Human
AWhetter,17.0,Human
ebenenglish,36.0,Human
alexcrichton,31.5,Human
killercup,24.0,Human
markstory,34.0,Human
gammazero,9.0,Human
markets,15.0,Human
jsastriawan,34.0,Human
Ylianst,31.0,Human
ebfull,14.0,Human
calcmogul,38.0,Human
toddmeinershagen,28.0,Human
lrowe,30.5,Human
edrpls,37.0,Human
wavded,30.0,Human
ChrisHines,11.0,Human
danhenderson,22.0,Human
jetic83,38.5,Human
iangilman,8.0,Human
pookmish,19.0,Human
slachiewicz,13.5,Human
ploxiln,27.0,Human
crissdev,9.0,Human
xuwei-k,100.0,Human
seratch,32.0,Human
xtuc,45.0,Human
amilajack,16.0,Human
kjvalencik,12.0,Human
oscarotero,50.0,Human
xnv,38.0,Human
daisukenishino,14.0,Human
lancedikson,100.0,Human
rgov,52.0,Human
riddell-stan,24.0,Human
mikkoaf,28.0,Human
l3ku,9.0,Human
AntJanus,31.0,Human
benjih,100.0,Human
tommysitu,100.0,Human
NickToropov,40.0,Human
peteshand,26.0,Human
naofireblade,16.0,Human
sp90,36.0,Human
dmitrykurmanov,16.0,Human
chucker,57.0,Human
klaaz0r,23.5,Human
lcobucci,6.0,Human
patrickkettner,11.0,Human
mikepugh,37.0,Human
jwngr,15.0,Human
ajayojha,100.0,Human
tonyOreglia,28.0,Human
jasonzajac,34.0,Human
KeesCBakker,100.0,Human
olt,32.0,Human
billsegall,8.0,Human
hangzws,28.0,Human
pluma,12.0,Human
dannyBies,22.0,Human
zewa666,30.0,Human
fax4ever,64.0,Human
DavideD,28.0,Human
sunnights,100.0,Human
rayzhang0603,26.0,Human
dunglas,6.0,Human
fuzzmz,40.0,Human
David-Desmaisons,18.0,Human
a4abhishek,37.0,Human
alechenninger,28.0,Human
bserdar,100.0,Human
renanborgez,17.5,Human
Yogu,33.0,Human
remcoros,39.0,Human
jmccann,27.0,Human
zbjornson,27.0,Human
zvonicek,100.0,Human
pavadeli,100.0,Human
brocaar,7.0,Human
sanex3339,3.0,Human
dagnir,30.0,Human
akinsolb,59.0,Human
urbim,11.0,Human
andig,17.0,Human
NikVolf,100.0,Human
jnwng,30.0,Human
msimonin,5.0,Human
brozeph,100.0,Human
chrisgarrity,22.0,Human
broady,24.0,Human
valpesendorfer,26.0,Human
gdkrmr,100.0,Human
jinankjain,27.0,Human
tikurahul,24.0,Human
pgarbe,32.0,Human
lukabratos,36.0,Human
njugray,33.0,Human
ivcosla,27.5,Human
legastero,35.0,Human
2xAA,27.0,Human
mattmezza,13.0,Human
huangminlinux,100.0,Human
colinmollenhour,27.0,Human
magopian,9.0,Human
hashknot,29.5,Human
okushchenko,9.0,Human
partim,100.0,Human
me-no-dev,100.0,Human
EranOfer,100.0,Human
zjj2wry,81.0,Human
bergloman,100.0,Human
timbru,17.0,Human
anvyst,25.0,Human
rnpoddor,23.0,Human
unpete,100.0,Human
rogers492,11.0,Human
ares,50.0,Human
valarauca,37.0,Human
DylanPiercey,38.0,Human
lozjackson,15.0,Human
DTupalov,48.0,Human
rajeshm7910,17.0,Human
v1r0x,67.5,Human
njbarrett,100.0,Human
bfriesen,22.0,Human
scross01,32.0,Human
xiao,52.0,Human
youknowjack,29.0,Human
jnunemaker,32.0,Human
eugenioLopezRamos,21.0,Human
dmichel1,30.0,Human
jlukic,25.0,Human
frankreno,26.0,Human
benjamn,31.0,Human
Evgeniy-L,11.5,Human
tobami,15.0,Human
agnogueira,30.5,Human
azat,9.0,Human
austinpray,15.0,Human
isnifer,11.0,Human
cybergrind,3.5,Human
pajaydev,66.0,Human
Hinny,38.0,Human
peterolson,100.0,Human
sfackler,5.0,Human
campoy,100.0,Human
simongranger,100.0,Human
UncleAndy,100.0,Human
bp74,17.5,Human
EECOLOR,8.0,Human
Hoishin,15.0,Human
clauderic,35.0,Human
earlgreyz,31.5,Human
lsorber,11.0,Human
allburov,100.0,Human
mikegrima,27.0,Human
bearcherian,100.0,Human
ebshimizu,14.0,Human
JulienMelissas,100.0,Human
EricR,4.0,Human
OndraZizka,18.0,Human
jonbullock,12.0,Human
rigor789,18.5,Human
dfreedm,18.0,Human
zimbatm,27.0,Human
propulsor,25.0,Human
bojand,2.0,Human
markpokornycos,6.0,Human
crookedneighbor,50.0,Human
quinnjn,33.0,Human
blacktaxi,17.5,Human
mikz,27.0,Human
flyingpie,60.5,Human
mellinoe,67.0,Human
dpsoft,6.5,Human
sebito91,64.0,Human
QWp6t,32.0,Human
yogeshgadge,8.0,Human
ericdill,26.0,Human
tacaswell,20.0,Human
yoiang,100.0,Human
jskelcy,18.0,Human
akamensky,100.0,Human
vcabbage,8.0,Human
ancho,21.0,Human
MightLin,20.0,Human
cw-sakamoto,33.0,Human
goncafa,100.0,Human
vinicius0026,40.0,Human
lirantal,37.0,Human
AmyOlex,35.0,Human
njsmith,11.0,Human
christianalfoni,21.0,Human
grawk,21.0,Human
doomspork,40.0,Human
eatkins,100.0,Human
cllns,32.0,Human
jeffkl,7.0,Human
cfarm,47.0,Human
theganyo,100.0,Human
chewiebug,100.0,Human
grzuy,2.0,Human
djphillyg,7.0,Human
burningice2866,33.0,Human
gerbenmeyer,100.0,Human
alburdette619,37.0,Human
LcTwisk,69.5,Human
Tornhoof,25.0,Human
jackjamieson2,100.0,Human
kristerkari,28.0,Human
jacobp100,9.0,Human
gautamsi,14.0,Human
dnna,23.0,Human
amwmedia,100.0,Human
OrkhanAlikhanov,33.0,Human
sstephenson,20.0,Human
brentertz,60.0,Human
tolbertam,34.0,Human
ps2,11.0,Human
E-B-Smith,20.0,Human
tedivm,27.0,Human
jcaip,34.0,Human
jnm2,18.0,Human
AndrewRedican,39.0,Human
jordanpadams,15.5,Human
gregakinman,32.0,Human
jmophoto,22.0,Human
apls777,12.0,Human
toshok,28.0,Human
Kikobeats,13.5,Human
scott-wyatt,60.5,Human
wwwdata,29.0,Human
jung-kurt,50.0,Human
nathanleiby,33.0,Human
sleepsonthefloor,32.0,Human
parndt,20.0,Human
mukeshsoni,100.0,Human
ah-,64.5,Human
jwkvam,11.5,Human
jorgebucaran,26.0,Human
Soreine,27.0,Human
guillochon,16.0,Human
ijazalise,27.0,Human
CrowdHailer,3.0,Human
RVenkatesh,44.0,Human
zouter,100.0,Human
gentledepp,24.0,Human
Mimetis,1.0,Human
saheienko,22.0,Human
mikebrow,39.0,Human
watson,23.5,Human
gmorse81,17.0,Human
blanquer,37.0,Human
juanjoDiaz,16.0,Human
rod-hynes,100.0,Human
daddyz,100.0,Human
vks,24.0,Human
boxtown,100.0,Human
kastermester,35.5,Human
kelindar,12.0,Human
jrbalderrama,100.0,Human
tibetsprague,100.0,Human
st0012,3.0,Human
alban,40.0,Human
gberaudo,24.0,Human
mihaitodor,20.0,Human
g-arjones,7.0,Human
austinkelleher,3.5,Human
niemyjski,8.0,Human
bobthecow,21.0,Human
dantman,52.5,Human
minarikg,100.0,Human
ericpre,31.0,Human
nehaljwani,2.0,Human
kalefranz,8.0,Human
msarahan,8.0,Human
Havunen,18.0,Human
noelherrick,21.0,Human
peterbe,10.0,Human
davidv1992,8.0,Human
lawrencegripper,63.5,Human
mjip,28.0,Human
petersilva,34.0,Human
houshengbo,100.0,Human
rrati,100.0,Human
Herringway,32.0,Human
drdavella,100.0,Human
lovell,50.0,Human
fuzzdota,23.0,Human
slorber,26.5,Human
alvaromb,100.0,Human
mcwumbly,27.5,Human
anEXPer,38.0,Human
jlmelville,28.0,Human
Tronald,11.0,Human
pfrenssen,38.0,Human
ademarco,100.0,Human
san650,1.0,Human
stefaneberl,26.0,Human
tbroyer,6.0,Human
eamonnmcmanus,14.0,Human
mariotoffia,29.0,Human
phanrahan,69.5,Human
leonardt,28.0,Human
nikku,28.0,Human
carlocayos,100.0,Human
alkondrashov,13.0,Human
tphoney,100.0,Human
shermdog,27.0,Human
MartinRosserEB,100.0,Human
relistan,38.0,Human
focusaurus,17.0,Human
x-NR-x,10.0,Human
osg,50.0,Human
stp-ip,100.0,Human
frederoni,39.0,Human
weixuanfu,29.0,Human
aewallin,50.0,Human
rdinicut,100.0,Human
schloerke,22.0,Human
sampotts,4.0,Human
Kronuz,30.0,Human
pmuens,100.0,Human
siddharthlatest,40.0,Human
yeojz,3.5,Human
timja,35.0,Human
hanslovsky,31.0,Human
axtimwalde,15.0,Human
tpietzsch,24.5,Human
maarzt,30.0,Human
asoldano,100.0,Human
stephanlindauer,31.0,Human
trentmwillis,28.0,Human
platinumazure,36.0,Human
mdamien,25.0,Human
willemstuursma,33.0,Human
mnapoli,61.5,Human
garyb,100.0,Human
markerikson,36.0,Human
edorivai,32.5,Human
domtronn,100.0,Human
facetoe,100.0,Human
alvin-reyes,39.0,Human
stoneChen,22.0,Human
ustbhuangyi,100.0,Human
cdepillabout,35.0,Human
panaaj,31.5,Human
Casyfill,8.0,Human
luboshl,33.0,Human
terinjokes,100.0,Human
nauvalazhar,100.0,Human
bitwiseman,6.0,Human
Lyokone,13.0,Human
adrianstevens,100.0,Human
mwarkentin,2.0,Human
dicearr,5.0,Human
fwigorcferreira,100.0,Human
cspray,100.0,Human
hbrunn,22.0,Human
bluca,39.0,Human
dlepaux,100.0,Human
hariramsvnit,100.0,Human
alexarchambault,19.0,Human
mhilton,33.0,Human
hmemcpy,36.5,Human
mt-micky,22.0,Human
eliamaino-fp,25.0,Human
AlexeyRaga,100.0,Human
mdiep,52.0,Human
argon,34.0,Human
yaohaizh,63.0,Human
joeferner,100.0,Human
ZhipingYang,100.0,Human
benureau,25.0,Human
jedrzejchalubek,38.0,Human
nojimage,13.5,Human
ashleynolan,40.0,Human
parkr,24.0,Human
robinwassen,27.0,Human
jantimon,9.0,Human
ceball,11.0,Human
SvetoslavTsenov,100.0,Human
yuzushioh,100.0,Human
nchammas,23.0,Human
pmclanahan,35.0,Human
philippfromme,26.0,Human
caridy,40.0,Human
ericf,14.0,Human
doofin,100.0,Human
securityclippy,100.0,Human
fabienjuif,2.0,Human
dmetzgar,12.0,Human
ewinnington,37.0,Human
amitzur,25.0,Human
josetaira,29.5,Human
jaredhanson,30.5,Human
plusgut,100.0,Human
NgoHuy,32.0,Human
xiongchiamiov,31.5,Human
mrocklin,13.0,Human
itsdalmo,6.0,Human
bweston92,24.5,Human
zaquestion,8.0,Human
inokappa,34.0,Human
mxsasha,100.0,Human
lipis,29.0,Human
lepture,41.0,Human
petersirka,33.0,Human
leekelleher,28.5,Human
jonathanong,50.0,Human
ptrthomas,68.0,Human
BlazZupan,49.0,Human
loburm,22.0,Human
jerriep,100.0,Human
nshumoogum,41.0,Human
plribeiro3000,22.5,Human
geemus,20.0,Human
xPaw,14.0,Human
dks17,19.0,Human
dbu,12.0,Human
simonbrandhof,29.0,Human
jrichter1,26.0,Human
barakman,18.0,Human
warner,15.0,Human
fassko,100.0,Human
michaeltchapman,5.0,Human
BenjaSanchez,23.0,Human
IVANDOMENZAIN,9.0,Human
oberstet,100.0,Human
kanitw,5.0,Human
henrytk,47.0,Human
superbobry,50.0,Human
vlio20,100.0,Human
dbashford,50.0,Human
jordan-wright,30.0,Human
Ladsgroup,9.0,Human
Photonios,100.0,Human
connorskees,35.0,Human
jcesarmobile,5.0,Human
pioneerskies,14.0,Human
technomancy,30.0,Human
thedevelobear,72.0,Human
kvolkovich-sc,4.5,Human
nicwortel,0.0,Human
mjancarik,100.0,Human
bogdan0083,30.0,Human
Dan503,33.0,Human
jfrolich,39.0,Human
jorilallo,35.0,Human
tommoor,25.0,Human
andrewbonney,12.0,Human
Rotzbua,31.0,Human
jrief,62.0,Human
jthoms1,41.0,Human
NMFR,67.0,Human
moufmouf,4.0,Human
Jimexist,16.0,Human
jhalterman,10.0,Human
klauspost,8.0,Human
twiecki,17.0,Human
jc275,37.0,Human
SamueleCaprioli97,19.0,Human
Digenis,29.0,Human
overcat,1.0,Human
sabeegrewal,12.0,Human
mbrevda,74.5,Human
samuel-girard,37.0,Human
sckott,100.0,Human
leosoto,25.0,Human
cypriss,71.0,Human
jenow,14.0,Human
SiggyF,26.0,Human
danreeves,31.0,Human
rgolangh,19.0,Human
puku0x,28.0,Human
altendky,3.5,Human
alexandrebouthinon,27.0,Human
Handyman,13.0,Human
nikossvnk,3.0,Human
cjh1,100.0,Human
aschafers,100.0,Human
NickSeagull,100.0,Human
vetcher,100.0,Human
eduardo-rodrigues,15.0,Human
fanyang1988,33.0,Human
vidartf,30.0,Human
chrisfosterelli,5.0,Human
pablorsk,100.0,Human
tampajohn,100.0,Human
canard0328,4.0,Human
datakurre,4.0,Human
eigenfoo,27.0,Human
RaimundasSakalauskas,38.0,Human
edcarroll,16.0,Human
kyriog,31.0,Human
ariekahn,32.5,Human
mattrbianchi,100.0,Human
jhaenchen,39.0,Human
stephen-hill,25.0,Human
sergeyfrolov,31.0,Human
MikaelEliasson,21.0,Human
mtrea,12.0,Human
aaronklaassen,30.0,Human
nitaliano,30.0,Human
aeneasr,0.0,Human
tonyghita,38.0,Human
mcjazzyfunky,34.0,Human
thysultan,35.5,Human
ngrandjean,44.5,Human
winterland1989,10.0,Human
pavdmyt,6.0,Human
lionel-,12.0,Human
kamikazechaser,32.5,Human
nickdirienzo,44.0,Human
tocsoft,100.0,Human
yuewko,29.0,Human
fghaas,29.0,Human
RubenVerborgh,21.0,Human
VivekMChawla,27.5,Human
and-semakin,100.0,Human
b1naryth1ef,35.0,Human
BioQwer,11.0,Human
ro-ka,4.0,Human
ishepard,19.0,Human
johnou,22.5,Human
lukehutch,100.0,Human
chrisfarms,40.0,Human
jeremyletang,32.0,Human
omichelsen,51.0,Human
millermedeiros,29.0,Human
markvincze,35.5,Human
matthewrmshin,32.0,Human
hynekcer,29.0,Human
kratob,6.0,Human
hkdsun,34.0,Human
lucatume,8.0,Human
IdoZilberberg,32.0,Human
arcusfelis,23.0,Human
AnneHommelberg,32.5,Human
tcrowe,66.5,Human
mvz,13.0,Human
kpiwko,20.0,Human
proofit404,76.0,Human
rkern,30.0,Human
indebanvdhamer,16.5,Human
liszto,27.0,Human
nicolaiarocci,26.5,Human
dkellner,6.0,Human
chihsuan,32.0,Human
martijn00,2.0,Human
sHesl,20.0,Human
carlosalberto,9.0,Human
mikebryant,50.0,Human
dereuromark,15.5,Human
MaartenDesnouck,100.0,Human
samme,28.0,Human
jameskermode,31.0,Human
jbbarth,31.0,Human
smnbbrv,27.5,Human
xieziyu,15.0,Human
xile611,30.0,Human
kwry,34.0,Human
fenollp,5.0,Human
ronjouch,23.5,Human
IonicaBizau,28.0,Human
facelessuser,4.0,Human
shuhaowu,31.0,Human
balsama,100.0,Human
nihgwu,16.5,Human
bvaughn,27.0,Human
kspearrin,28.0,Human
blainekasten,15.0,Human
jamesmh,0.0,Human
championswimmer,82.0,Human
livictoria,7.0,Human
davidchin,48.5,Human
whatyouhide,3.0,Human
a5anka,85.0,Human
jhermsmeier,31.0,Human
lurch,27.0,Human
alfonsogarciacaro,27.0,Human
MangelMaxime,30.0,Human
mportuga,8.0,Human
giginet,22.0,Human
MelbourneDeveloper,32.0,Human
jarlopez,36.0,Human
Bathtor,37.0,Human
aparcar,37.0,Human
peitschie,32.0,Human
vandenoever,32.0,Human
jaames,9.0,Human
jskeet,22.0,Human
clamoriniere1A,14.0,Human
chrisandreae,15.0,Human
divyakoshy,36.0,Human
loongy,35.0,Human
AlexWheeler,24.0,Human
mmazzarolo,29.5,Human
billdeitrick,36.0,Human
larsrh,34.0,Human
kenshinji,94.0,Human
hdgarrood,20.0,Human
redonkulus,100.0,Human
fkleuver,16.0,Human
giuscris,16.0,Human
serggl,30.0,Human
fraenki,36.5,Human
Mongey,5.0,Human
tgturner,35.0,Human
mikestead,2.0,Human
taligentx,100.0,Human
steadicat,2.0,Human
seesemichaelj,34.0,Human
slewis74,33.0,Human
michaelbazos,100.0,Human
mitsutaka,21.0,Human
justinseanmartin,27.0,Human
yaakov-h,22.0,Human
catamphetamine,100.0,Human
justanr,23.0,Human
jvanderberg,68.5,Human
malled,24.0,Human
Eomm,100.0,Human
tommens,16.0,Human
AlexandreDecan,19.0,Human
lukeyouell,100.0,Human
dwijnand,26.5,Human
AliSoftware,68.5,Human
jeffctown,44.0,Human
ashwin31,100.0,Human
japaric,3.0,Human
Atry,100.0,Human
Ullaakut,32.0,Human
manueliglesias,80.0,Human
GhostofGoes,50.0,Human
vadimkaD,100.0,Human
mgtriffid,18.0,Human
qiangdavidliu,12.0,Human
kcmr,25.0,Human
hkantare,100.0,Human
amanda-tarafa,24.5,Human
cryptix,26.0,Human
arj03,18.0,Human
goetas,53.5,Human
ivanvotti,100.0,Human
dkhamsing,7.0,Human
fanminshi,10.0,Human
christianbundy,30.0,Human
devfeel,22.0,Human
croomes,23.0,Human
aearly,26.0,Human
csirmazbendeguz,23.5,Human
phenaproxima,32.0,Human
OlegNadymov,29.0,Human
throrin19,44.0,Human
jayphelps,17.0,Human
ArturT,23.0,Human
bfontaine,28.0,Human
srmnitc,5.0,Human
gpbl,1.0,Human
boazsegev,32.0,Human
njgheorghita,53.0,Human
ZachEddy,37.0,Human
persapiens,34.0,Human
wgerlach,100.0,Human
jcustenborder,100.0,Human
notwaldorf,28.0,Human
brunobasto,100.0,Human
jbalsas,100.0,Human
diegonvs,100.0,Human
MMatten,32.0,Human
smarlowucf,32.0,Human
RomanMinkin,19.0,Human
mike-marcacci,27.5,Human
jaydenseric,34.0,Human
robdmoore,7.0,Human
chenyukang,43.0,Human
elandau,27.0,Human
karolz-ms,23.0,Human
bjschoenfeld,22.0,Human
favadi,100.0,Human
supermarin,20.0,Human
deadprogram,28.0,Human
jpmckinney,4.0,Human
SimenB,19.0,Human
cviecco,100.0,Human
maxisam,4.0,Human
MacKLess,30.0,Human
floitsch,11.0,Human
shaofu88,100.0,Human
Firehed,7.0,Human
andrerpena,11.0,Human
wallymathieu,9.0,Human
nateabele,27.0,Human
LongLiveCHIEF,25.0,Human
Ogeon,23.0,Human
kzidane,100.0,Human
danschultzer,23.0,Human
cyli,28.0,Human
thaJeztah,21.0,Human
robdodson,5.0,Human
alice,30.5,Human
EricDahlvang,11.0,Human
guumaster,17.0,Human
bmack,32.0,Human
brettjurgens,10.0,Human
Rob--W,9.0,Human
jeffbski,37.0,Human
stevenpkg,39.5,Human
Oliver-I,30.5,Human
txomon,38.0,Human
brett19,100.0,Human
jeancochrane,20.0,Human
zpao,22.0,Human
wickwirew,100.0,Human
phumpal,13.0,Human
asibross,16.0,Human
martint,100.0,Human
thebadmonkeydev,38.0,Human
KayleePop,20.5,Human
ttmarek,100.0,Human
pmccarren,100.0,Human
natebosch,36.0,Human
mk13,3.0,Human
lpatino10,35.0,Human
ibgreen,22.0,Human
Corniel,24.0,Human
kitten,8.0,Human
bradmartin,13.0,Human
charlesmoore99,58.0,Human
adamstruck,6.0,Human
RWOverdijk,100.0,Human
edouardmenayde,13.5,Human
statianzo,50.0,Human
felixerdy,100.0,Human
vladimir-kotikov,48.5,Human
mvkara,34.0,Human
blumu,7.0,Human
nshahan,28.0,Human
luisvt,100.0,Human
JordanSussman,7.0,Human
lintanghui,13.0,Human
godu,28.0,Human
cap10morgan,34.0,Human
MarkusRabe,26.0,Human
str4d,15.0,Human
sppalkia,22.0,Human
kattni,100.0,Human
bloritsch,21.0,Human
JacobEvelyn,6.0,Human
acasademont,23.5,Human
wtao-mux,100.0,Human
schollz,100.0,Human
maxtaco,17.0,Human
cboettig,66.0,Human
javadev,100.0,Human
cckelly,53.0,Human
stuartaccent,0.0,Human
dmlb2000,82.0,Human
cascornelissen,100.0,Human
bradymholt,4.0,Human
bekeles,11.0,Human
depryf,47.0,Human
shochdoerfer,6.0,Human
e0ipso,27.0,Human
camilamercado,13.0,Human
hellatan,17.0,Human
geerteltink,81.0,Human
williaster,28.0,Human
devigned,30.5,Human
myleshorton,24.0,Human
bordoley,15.5,Human
JRod-Eiman,12.5,Human
rkusa,49.0,Human
huysentruitw,100.0,Human
parlough,26.0,Human
lucko,22.0,Human
ajbogh,20.0,Human
localredhead,28.5,Human
JordonPhillips,29.5,Human
matthewp,24.0,Human
sausman,100.0,Human
lekosfmi,14.0,Human
aoberoi,62.0,Human
tbremer,45.0,Human
Oceania2018,100.0,Human
cag,0.0,Human
artemy-osipov,30.0,Human
erickpintor,9.0,Human
marrony,18.0,Human
vinkobedek,29.0,Human
jacstn,51.0,Human
guzzilar,33.5,Human
AleBles,20.0,Human
rimiti,41.5,Human
mikelax,15.0,Human
c00kiemon5ter,31.0,Human
anaisbetts,34.0,Human
AlexWayfer,28.0,Human
tmcgilchrist,20.0,Human
Gama11,28.5,Human
VladoLavor,56.0,Human
Therzok,5.0,Human
ashok1994,100.0,Human
helstern,44.0,Human
skovhus,21.5,Human
greg-hellings,30.0,Human
gjtorikian,21.0,Human
rolong,100.0,Human
thrix,67.0,Human
mprahl,17.5,Human
ono,26.0,Human
rushfrisby,100.0,Human
jgromes,36.0,Human
olance,69.0,Human
bogdan,100.0,Human
le0pard,19.0,Human
johnlcox,34.0,Human
simonw,8.0,Human
aravindakr95,100.0,Human
wallet77,100.0,Human
johnl,30.0,Human
tokengeek,35.0,Human
benbowes,31.0,Human
LuckyCyborg,24.0,Human
giraud,34.0,Human
windyakin,10.0,Human
indranilatcal,39.5,Human
danielwertheim,11.0,Human
pengrad,100.0,Human
hansemannn,29.0,Human
olafurpg,28.5,Human
einavk,24.5,Human
iaomw,20.5,Human
GiladShoham,26.5,Human
svenevs,18.0,Human
dualspiral,68.0,Human
zml2008,25.5,Human
ekarson,36.0,Human
eltonmesquita,26.0,Human
n8sh,19.5,Human
belka-ew,100.0,Human
pdeffebach,19.0,Human
bkamins,33.0,Human
tanema,35.0,Human
apokalyptik,100.0,Human
bajb,100.0,Human
eyalbe4,41.0,Human
txs1992,6.0,Human
jljsj33,20.0,Human
beefchimi,27.0,Human
weilix88,43.0,Human
casperdcl,20.0,Human
Erikvv,62.5,Human
shawnrice,30.0,Human
grs,17.0,Human
mapsam,43.0,Human
nalimilan,30.0,Human
kabirbaidhya,30.0,Human
oleurud,51.0,Human
dgaubert,2.0,Human
TheSharpieOne,33.0,Human
kirrg001,21.0,Human
sjkp,100.0,Human
mthenw,100.0,Human
Shynixn,100.0,Human
prydie,12.0,Human
awilsonCurt,28.0,Human
eriknelson,22.0,Human
lmangani,2.0,Human
jedisct1,50.0,Human
Green7,23.0,Human
dwrensha,16.0,Human
drug007,21.0,Human
jperkelens,29.0,Human
herrstucki,27.0,Human
gabrieldoty,100.0,Human
captainsidd,23.0,Human
benmatselby,31.0,Human
nrwiersma,100.0,Human
calind,100.0,Human
jkutner,3.0,Human
chkr1011,14.0,Human
knightsc,31.0,Human
sns-seb,29.0,Human
buren,47.0,Human
l0nax,33.5,Human
opeongo,31.0,Human
nickl-,31.5,Human
ssisil,41.0,Human
franzliedke,35.0,Human
skykelsey,5.0,Human
tlovett1,65.5,Human
brad,12.5,Human
misi,32.0,Human
sunny,6.0,Human
midzer,38.5,Human
thegecko,12.0,Human
guybedford,32.0,Human
milesj,32.0,Human
pvasek,17.0,Human
adelavega,13.0,Human
coston,6.0,Human
ostrolucky,31.0,Human
polc,24.5,Human
djdeath,35.0,Human
Prash74,35.0,Human
msimmer,62.0,Human
isaachier,100.0,Human
koreno,10.0,Human
baohx2000,30.0,Human
maraino,42.0,Human
jamescyeh,100.0,Human
Tigraine,35.0,Human
tknandu,39.0,Human
Andrey1994,20.0,Human
jvswatson,27.0,Human
evhub,6.0,Human
yhahn,18.0,Human
LuckyNoS7evin,18.0,Human
swiftyspiffy,21.0,Human
rick,30.5,Human
majormoses,72.0,Human
yajra,22.0,Human
dylanvorster,21.0,Human
travist,100.0,Human
ewjoachim,16.0,Human
blipson89,100.0,Human
DerMika,34.0,Human
vdemeester,63.0,Human
martysweet,100.0,Human
kylef,22.0,Human
nussjustin,21.0,Human
mediocregopher,26.5,Human
timrogers,6.0,Human
jterry75,66.0,Human
felixb,33.0,Human
black-adder,8.0,Human
eps1lon,33.0,Human
andy-ms,13.0,Human
schuchard,27.5,Human
omame,27.0,Human
RoslerWS,16.0,Human
spencermountain,25.0,Human
KarthikBhaskara,22.0,Human
szimek,37.5,Human
jonathanhperry,71.0,Human
vercasson,100.0,Human
natemccurdy,24.0,Human
mrprim,20.0,Human
justincormack,43.0,Human
HuKeping,44.0,Human
f,34.0,Human
stakach,24.0,Human
hfwang,28.5,Human
kurtisvg,16.0,Human
jennybc,25.0,Human
jslegendre,35.0,Human
zserge,100.0,Human
AntonioJuliano,11.0,Human
normanargueta,100.0,Human
kazzkiq,32.0,Human
krainboltgreene,10.0,Human
mcfiredrill,27.0,Human
mobileoverlord,100.0,Human
tshort,14.0,Human
vieira,26.0,Human
Toxicable,34.5,Human
ddgenome,41.0,Human
allejo,26.0,Human
rolandshoemaker,11.0,Human
asvishnyakov,13.0,Human
mdholloway,18.0,Human
ojizero,38.0,Human
buddyspike,2.0,Human
adieuadieu,13.0,Human
masakik,100.0,Human
paulondcdev,35.0,Human
katmratliff,10.0,Human
bemcdonnell,13.0,Human
Jiadalee,35.0,Human
tie-rack,24.5,Human
theoephraim,3.5,Human
kfarnung,24.0,Human
akrantz,28.5,Human
qerub,21.0,Human
asakusuma,34.0,Human
andresmgot,9.0,Human
berkerpeksag,9.0,Human
astorije,59.5,Human
msiemens,23.0,Human
eugene-eeo,32.5,Human
chiradeep,11.0,Human
gburgett,26.0,Human
arturi,100.0,Human
oyvindln,50.0,Human
james-perretta,6.0,Human
geneh,28.0,Human
jeffmcaffer,15.0,Human
ferrix,26.0,Human
jjdelc,100.0,Human
piotr-bajer,37.5,Human
luboskmetko,12.0,Human
ddunkin,27.0,Human
tmsincomb,28.0,Human
piotrwitek,26.0,Human
rfk,32.0,Human
maurizi,41.0,Human
JeremySkinner,8.0,Human
howbazaar,43.0,Human
jvatic,9.0,Human
rickbergfalk,18.0,Human
emerali,1.0,Human
googollee,100.0,Human
juancarlospaco,54.0,Human
jarekwg,64.0,Human
vikeri,100.0,Human
medikoo,67.0,Human
michalkurzeja,100.0,Human
seb-b,40.0,Human
zbateson,66.0,Human
joshaber,23.0,Human
keithduncan,26.0,Human
bneumann,23.0,Human
vict-shevchenko,39.0,Human
mikeerickson,12.0,Human
erickt,100.0,Human
jhchen,5.5,Human
QueenieMar,100.0,Human
aapomm,10.0,Human
ota42y,12.5,Human
berney,69.0,Human
sshipway,67.0,Human
aelsabbahy,10.0,Human
jmacd,11.0,Human
HinTak,31.0,Human
zhangqiangoffice,35.0,Human
philipc,6.0,Human
fitzgen,8.0,Human
piperRyan,100.0,Human
sagebind,30.0,Human
koral--,100.0,Human
jdemeyer,6.0,Human
stijnmoreels,36.0,Human
hsanjuan,100.0,Human
ekzhu,100.0,Human
nickmessing,5.0,Human
repeatedly,24.0,Human
awalterschulze,17.0,Human
notzippy,14.0,Human
bukhsh,29.0,Human
LostCrew,100.0,Human
casesandberg,17.0,Human
naqvitalha,100.0,Human
dominikh,56.0,Human
rohan-varma,100.0,Human
danigb,4.0,Human
grlee77,26.0,Human
MAliM1988,100.0,Human
customcommander,27.0,Human
okuryu,23.0,Human
liveforeverx,100.0,Human
ylon,12.0,Human
bartvde,28.0,Human
nikunjkotecha,100.0,Human
yuvalif,100.0,Human
josesimoes,6.0,Human
dtmilano,100.0,Human
EmmaJP,60.0,Human
publicarray,32.0,Human
akoeplinger,52.0,Human
ianchesal,9.0,Human
GiridharanNarayanan,30.0,Human
martinlissmyr,7.0,Human
reox,7.0,Human
moodmosaic,16.5,Human
thumphries,37.5,Human
sho-87,28.0,Human
denesb,28.5,Human
dahankzter,33.5,Human
gwils,15.5,Human
seleb,5.0,Human
michalbundyra,29.0,Human
TomHAnderson,27.5,Human
certik,27.0,Human
isuruf,6.0,Human
vladbarosan,28.0,Human
soulseekah,26.0,Human
nepalez,18.0,Human
shuttle1987,32.0,Human
janko,28.0,Human
mcarmonaa,17.5,Human
jfontan,15.0,Human
itsmichaeldiego,18.0,Human
am-kantox,100.0,Human
targos,31.0,Human
pi-r-p,30.0,Human
doloopwhile,100.0,Human
shimberger,100.0,Human
mbest,31.0,Human
peterbourgon,18.0,Human
milhidaka,0.0,Human
errordeveloper,8.0,Human
dlespiau,36.0,Human
andymsuk,15.0,Human
Algunenano,7.0,Human
alterphp,7.0,Human
leastprivilege,50.0,Human
db7,4.0,Human
0x53A,26.0,Human
AnthonyLloyd,6.0,Human
benmccann,100.0,Human
ArtSabintsev,29.0,Human
yehjxraymond,39.5,Human
astrofrog,22.0,Human
wrfly,26.0,Human
ADmad,6.5,Human
davidyell,62.5,Human
catbaron0,38.0,Human
wvangeit,100.0,Human
StephenVavasis,23.0,Human
newpavlov,10.5,Human
glerchundi,17.0,Human
KengoTODA,29.0,Human
h3xstream,20.0,Human
RehanSaeed,29.0,Human
johnrutherford,15.0,Human
joshmoore,12.0,Human
seb86,8.0,Human
michaelchu,100.0,Human
ermakovich,16.0,Human
tir38,22.5,Human
giuseppeg,9.0,Human
cliedeman,100.0,Human
smk508,16.0,Human
dasulit,29.0,Human
tristen,31.0,Human
st-h,5.0,Human
simonpasquier,20.0,Human
hueniverse,50.0,Human
sgratzl,68.0,Human
bthaile,34.0,Human
dave-irvine,21.0,Human
cchantep,100.0,Human
Igloczek,100.0,Human
gregbty,9.0,Human
Spea,21.5,Human
scientistnik,16.0,Human
Stranger6667,12.0,Human
dmitshur,39.0,Human
keithamus,31.0,Human
hacdias,33.0,Human
novln,17.0,Human
jaraco,31.0,Human
matrixik,33.0,Human
sriv,8.0,Human
BugDiver,9.0,Human
graphaelli,16.0,Human
ErikHellman,29.0,Human
KeithGillette,31.0,Human
rabelenda,100.0,Human
BorisOsipov,35.0,Human
zoul0813,32.0,Human
icebob,2.0,Human
artero,25.0,Human
malachy-mcconnell,100.0,Human
reidcooper,41.0,Human
pearkes,29.0,Human
muukii,100.0,Human
ceehaupt,100.0,Human
axten,100.0,Human
llllllllll,20.5,Human
m-pilia,29.0,Human
nytamin,12.0,Human
samcook,13.0,Human
carltongibson,21.0,Human
ltcmelo,24.0,Human
EvanHerman,18.0,Human
yyuu,11.0,Human
justinbastress,9.0,Human
clayzim,40.0,Human
szook,35.0,Human
carlpett,26.0,Human
ninjaahhh,25.0,Human
olix0r,26.0,Human
tabacitu,17.0,Human
ORESoftware,100.0,Human
SSheldon,60.5,Human
thomasfredericks,50.0,Human
ashmaroli,23.5,Human
Pierstoval,11.0,Human
bretterer,15.0,Human
chilijung,39.0,Human
portellaa,19.0,Human
Zaid-Ajaj,11.0,Human
Gimly,39.5,Human
mitchellhenke,16.0,Human
minrk,27.0,Human
pjlsergeant,28.0,Human
tompng,14.0,Human
aberkow,33.5,Human
tjamet,22.0,Human
yuce,100.0,Human
bajtos,33.0,Human
twada,30.0,Human
ohtangza,70.5,Human
toddpalino,31.5,Human
mzwiessele,100.0,Human
DimitarTodorov,100.0,Human
sjqnn,96.0,Human
WillSewell,17.0,Human
RubenJacobse,28.0,Human
Roger-luo,11.0,Human
dariuszseweryn,23.0,Human
kcathey,30.0,Human
hustcc,50.0,Human
ansasaki,34.0,Human
annismckenzie,28.0,Human
nathanschile,38.0,Human
zqfan,85.5,Human
chunyenHuang,50.0,Human
MikhailTymchukDX,6.0,Human
mwcz,16.5,Human
thesocialdev,22.0,Human
mjackson,33.0,Human
ndrwrbgs,40.0,Human
davidraythompson,27.0,Human
aalexand,4.0,Human
FoggyFinder,20.0,Human
Happypig375,7.0,Human
jonathantneal,41.0,Human
DavidGarciaCat,19.0,Human
jonbern,35.5,Human
james-lawrence,34.0,Human
mkeeler,42.0,Human
Marwes,1.0,Human
greg0ire,6.0,Human
mission-liao,18.0,Human
Cameron-C-Chapman,100.0,Human
icco,100.0,Human
janczer,52.0,Human
humblec,72.0,Human
aravindavk,63.0,Human
MiguelSavignano,29.0,Human
jiffyclub,33.0,Human
ikatyang,45.0,Human
DannyBen,3.0,Human
marci4,4.0,Human
Koka,23.0,Human
absolute8511,100.0,Human
tinyfive,26.0,Human
jacksontj,29.0,Human
drmohundro,31.0,Human
rixx,31.5,Human
dabercro,26.0,Human
troshko111,14.0,Human
ortuman,100.0,Human
keeganstreet,19.0,Human
maxime-rainville,37.0,Human
ItalyPaleAle,31.0,Human
jamescgibson,31.0,Human
zigomir,13.5,Human
Lonami,4.0,Human
kipz,34.0,Human
TroyAlford,18.0,Human
paulcwarren,7.0,Human
daffl,10.0,Human
david-yz-liu,1.0,Human
menshikh-iv,19.0,Human
doublestranded,20.0,Human
nikhila05,0.0,Human
ksatchit,23.0,Human
bryanyang0528,100.0,Human
ConnorRigby,100.0,Human
nathanwoulfe,23.0,Human
zedd45,31.0,Human
insightindustry,14.0,Human
samhatoum,100.0,Human
reimannf,66.0,Human
sebbo2002,23.0,Human
VesnaT,82.0,Human
Page-,29.0,Human
matzkoh,100.0,Human
daybrush,97.0,Human
alexandernanberg,88.0,Human
